AGE_CAT,HI_CAT,HS_CAT,RACE_CAT,SEX_CAT,P1,P2,P3,P4,P5,P6,P7,P8,P9,P10,CP1,CP2,CP3,CP4,CP5,CP6,CP7,CP8,CP9,CP10
1,"<=$25,000",1-2 person household,White alone,Males,0.32772575,0.294048446,0.114780145,0.178681289,0.007350957,0.030613201,0.018901754,0.027898457,,,0.32772575,0.621774197,0.736554341,0.91523563,0.922586588,0.953199789,0.972101543,1,1,1
1,"$25,001-50,000",1-2 person household,White alone,Males,0.250731474,0.532957841,0.096402187,0.062437018,0.003248586,0.021903191,0.016572547,0.015747156,,,0.250731474,0.783689315,0.880091502,0.94252852,0.945777106,0.967680297,0.984252844,1,1,1
1,">$50,000",1-2 person household,White alone,Males,0.090478777,0.769197696,0.083397426,0.00849939,0.002030963,0.005669973,0.008730124,0.031995652,,,0.090478777,0.859676473,0.943073899,0.951573289,0.953604252,0.959274224,0.968004348,1,1,1
1,"<=$25,000",3-5 person household,White alone,Males,0.168770177,0.145775271,0.071159935,0.536229821,0.005144081,0.049120384,0.01276834,0.011031991,,,0.168770177,0.314545448,0.385705383,0.921935203,0.927079284,0.976199669,0.988968009,1,1,1
1,"$25,001-50,000",3-5 person household,White alone,Males,0.185699532,0.379992165,0.085955264,0.269482679,0.003269453,0.050544884,0.016100465,0.008955558,,,0.185699532,0.565691697,0.651646961,0.921129639,0.924399092,0.974943977,0.991044442,1,1,1
1,">$50,000",3-5 person household,White alone,Males,0.087221563,0.713830249,0.096786197,0.047747609,0.002660467,0.017030444,0.011039381,0.023684089,,,0.087221563,0.801051812,0.897838009,0.945585618,0.948246085,0.965276529,0.976315911,1,1,1
1,"<=$25,000",6+ person household,White alone,Males,0.116948994,0.052077454,0.02788077,0.74005973,0.007891468,0.042159274,0.007861597,0.005120712,,,0.116948994,0.169026448,0.196907218,0.936966948,0.944858417,0.987017691,0.994879288,1,1,1
1,"$25,001-50,000",6+ person household,White alone,Males,0.175674203,0.185326245,0.045976732,0.507741971,0.006847334,0.059224987,0.013533533,0.005674995,,,0.175674203,0.361000448,0.40697718,0.914719151,0.921566485,0.980791472,0.994325005,1,1,1
1,">$50,000",6+ person household,White alone,Males,0.132613854,0.559532198,0.083204515,0.144587814,0.008955136,0.032071671,0.014913698,0.024121114,,,0.132613854,0.692146052,0.775350567,0.919938381,0.928893517,0.960965188,0.975878886,1,1,1
1,"<=$25,000",1-2 person household,Black or African American alone,Males,0.30530719,0.162941357,0.054903604,0.306127502,0.027328949,0.102404797,0.040966704,1.99E-05,,,0.30530719,0.468248546,0.52315215,0.829279652,0.856608601,0.959013398,0.999980102,1,1,1
1,"$25,001-50,000",1-2 person household,Black or African American alone,Males,0.290786994,0.36765879,0.057406442,0.133169596,0.015035333,0.091213389,0.044715475,1.40E-05,,,0.290786994,0.658445783,0.715852225,0.849021821,0.864057154,0.955270543,0.999986018,1,1,1
1,">$50,000",1-2 person household,Black or African American alone,Males,0.138079626,0.698243383,0.065349632,0.023854341,0.012369081,0.031070549,0.030996006,3.74E-05,,,0.138079626,0.836323008,0.90167264,0.925526982,0.937896063,0.968966612,0.999962617,1,1,1
1,"<=$25,000",3-5 person household,Black or African American alone,Males,0.11215451,0.057622337,0.024280867,0.655343209,0.013642106,0.117210868,0.019740491,5.61E-06,,,0.11215451,0.169776847,0.194057714,0.849400923,0.863043029,0.980253897,0.999994387,1,1,1
1,"$25,001-50,000",3-5 person household,Black or African American alone,Males,0.156911951,0.190987888,0.037292827,0.418767406,0.011024855,0.153358378,0.031650902,5.79E-06,,,0.156911951,0.347899839,0.385192666,0.803960072,0.814984926,0.968343304,0.999994207,1,1,1
1,">$50,000",3-5 person household,Black or African American alone,Males,0.116793766,0.568560546,0.066545216,0.117582919,0.014216944,0.081885472,0.034390857,2.43E-05,,,0.116793766,0.685354312,0.751899528,0.869482446,0.883699391,0.965584863,0.99997572,1,1,1
1,"<=$25,000",6+ person household,Black or African American alone,Males,0.067818985,0.017963482,0.008301703,0.789256879,0.018262709,0.087787567,0.010606401,2.27E-06,,,0.067818985,0.085782467,0.09408417,0.883341049,0.901603758,0.989391325,0.999997727,1,1,1
1,"$25,001-50,000",6+ person household,Black or African American alone,Males,0.11597454,0.072774221,0.015584769,0.616445284,0.018039676,0.140392766,0.020785874,2.87E-06,,,0.11597454,0.188748761,0.204333531,0.820778815,0.838818491,0.979211257,0.999997132,1,1,1
1,">$50,000",6+ person household,Black or African American alone,Males,0.138185834,0.346805265,0.044517333,0.277078688,0.037239116,0.120000016,0.036154506,1.92E-05,,,0.138185834,0.484991098,0.529508431,0.806587119,0.843826235,0.963826252,0.999980757,1,1,1
1,"<=$25,000",1-2 person household,Other,Males,0.330250855,0.241406939,0.09449509,0.180471915,0.006464243,0.037806214,0.057596199,0.051508545,,,0.330250855,0.571657794,0.666152884,0.846624799,0.853089042,0.890895256,0.948491455,1,1,1
1,"$25,001-50,000",1-2 person household,Other,Males,0.268187067,0.464428977,0.08424128,0.066937316,0.003032241,0.028711602,0.053601455,0.030860064,,,0.268187067,0.732616043,0.816857323,0.883794639,0.88682688,0.915538482,0.969139936,1,1,1
1,">$50,000",1-2 person household,Other,Males,0.101943631,0.70607174,0.076767097,0.009598388,0.001996897,0.007829164,0.029743502,0.06604958,,,0.101943631,0.808015372,0.884782468,0.894380856,0.896377753,0.904206918,0.93395042,1,1,1
1,"<=$25,000",3-5 person household,Other,Males,0.167656842,0.117979598,0.057752423,0.533916947,0.004459373,0.059800993,0.03835468,0.020079144,,,0.167656842,0.28563644,0.343388864,0.877305811,0.881765184,0.941566177,0.979920856,1,1,1
1,"$25,001-50,000",3-5 person household,Other,Males,0.192336148,0.32064334,0.072733029,0.279755174,0.002955055,0.064157639,0.050425111,0.016994503,,,0.192336148,0.512979488,0.585712517,0.865467691,0.868422746,0.932580385,0.983005497,1,1,1
1,">$50,000",3-5 person household,Other,Males,0.097380765,0.649294527,0.088281933,0.053431592,0.002592075,0.023302169,0.0372694,0.048447538,,,0.097380765,0.746675292,0.834957225,0.888388818,0.890980893,0.914283062,0.951552462,1,1,1
1,"<=$25,000",6+ person household,Other,Males,0.115149995,0.041774826,0.022427522,0.73035057,0.006780561,0.050872329,0.023406505,0.009237692,,,0.115149995,0.156924821,0.179352343,0.909702913,0.916483474,0.967355803,0.990762308,1,1,1
1,"$25,001-50,000",6+ person household,Other,Males,0.175147362,0.150532408,0.037449222,0.507382914,0.00595741,0.072363847,0.040800465,0.010366372,,,0.175147362,0.32567977,0.363128992,0.870511905,0.876469316,0.948833162,0.989633628,1,1,1
1,">$50,000",6+ person household,Other,Males,0.141413972,0.486100404,0.07248688,0.15453693,0.00833328,0.041912742,0.04808915,0.047126642,,,0.141413972,0.627514375,0.700001255,0.854538186,0.862871466,0.904784208,0.952873358,1,1,1
1,"<=$25,000",1-2 person household,White alone,Females,0.302503697,0.306736419,0.112433278,0.189554237,0.004563517,0.030959666,0.017455479,0.035793707,,,0.302503697,0.609240116,0.721673394,0.911227631,0.915791148,0.946750814,0.964206293,1,1,1
1,"$25,001-50,000",1-2 person household,White alone,Females,0.229659032,0.551688418,0.093706463,0.065728108,0.002001266,0.021981102,0.015187052,0.02004856,,,0.229659032,0.78134745,0.875053913,0.940782021,0.942783286,0.964764388,0.97995144,1,1,1
1,">$50,000",1-2 person household,White alone,Females,0.080869422,0.776965845,0.079103964,0.008730913,0.001220886,0.005552467,0.007806701,0.039749801,,,0.080869422,0.857835267,0.936939232,0.945670145,0.946891031,0.952443498,0.960250199,1,1,1
1,"<=$25,000",3-5 person household,White alone,Females,0.151948286,0.148323612,0.067989778,0.554862484,0.003114896,0.048453958,0.011501225,0.013805762,,,0.151948286,0.300271898,0.368261676,0.92312416,0.926239056,0.974693014,0.986194238,1,1,1
1,"$25,001-50,000",3-5 person household,White alone,Females,0.168479698,0.389616861,0.08275938,0.280997154,0.001995021,0.050243672,0.014614526,0.011293688,,,0.168479698,0.558096559,0.640855939,0.921853092,0.923848113,0.974091786,0.988706312,1,1,1
1,">$50,000",3-5 person household,White alone,Females,0.078159675,0.722903227,0.09204078,0.04917505,0.001603439,0.016720615,0.009897219,0.029499995,,,0.078159675,0.801062902,0.893103682,0.942278732,0.943882171,0.960602787,0.970500005,1,1,1
1,"<=$25,000",6+ person household,White alone,Females,0.104193136,0.052434689,0.026360604,0.757780963,0.004728639,0.041153156,0.007007498,0.006341315,,,0.104193136,0.156627825,0.182988429,0.940769393,0.945498032,0.986651188,0.993658685,1,1,1
1,"$25,001-50,000",6+ person household,White alone,Females,0.158496459,0.188962155,0.044020772,0.526488556,0.004154978,0.05854421,0.012216092,0.007116778,,,0.158496459,0.347458614,0.391479386,0.917967942,0.92212292,0.98066713,0.992883222,1,1,1
1,">$50,000",6+ person household,White alone,Females,0.119575423,0.570170111,0.079617385,0.149836984,0.005430763,0.031684147,0.013453891,0.030231296,,,0.119575423,0.689745534,0.769362919,0.919199902,0.924630666,0.956314813,0.969768704,1,1,1
1,"<=$25,000",1-2 person household,Black or African American alone,Females,0.285029403,0.171913623,0.054395311,0.328465135,0.017159762,0.104746696,0.03826425,2.58E-05,,,0.285029403,0.456943026,0.511338338,0.839803472,0.856963234,0.96170993,0.99997418,1,1,1
1,"$25,001-50,000",1-2 person household,Black or African American alone,Females,0.270482851,0.386488028,0.056667411,0.142365297,0.009406185,0.092958852,0.041613299,1.81E-05,,,0.270482851,0.656970879,0.71363829,0.856003587,0.865409772,0.958368624,0.999981923,1,1,1
1,">$50,000",1-2 person household,Black or African American alone,Females,0.125827509,0.719083233,0.063197097,0.024983181,0.007580871,0.031021467,0.028259292,4.74E-05,,,0.125827509,0.844910743,0.908107839,0.93309102,0.940671891,0.971693358,0.99995265,1,1,1
1,"<=$25,000",3-5 person household,Black or African American alone,Females,0.10071493,0.058478243,0.023139251,0.676363587,0.008239374,0.115322061,0.017735548,7.01E-06,,,0.10071493,0.159193174,0.182332425,0.858696011,0.866935386,0.982257447,0.999992994,1,1,1
1,"$25,001-50,000",3-5 person household,Black or African American alone,Females,0.142552219,0.196087596,0.035954334,0.437245281,0.006736379,0.152648614,0.02876826,7.32E-06,,,0.142552219,0.338639815,0.374594149,0.81183943,0.81857581,0.971224424,0.999992684,1,1,1
1,">$50,000",3-5 person household,Black or African American alone,Females,0.106290573,0.584760651,0.064268759,0.122985418,0.008701959,0.081648713,0.031313213,3.07E-05,,,0.106290573,0.691051225,0.755319983,0.878305401,0.88700736,0.968656074,0.999969286,1,1,1
1,"<=$25,000",6+ person household,Black or African American alone,Females,0.060385216,0.018075744,0.007844306,0.807666393,0.010936547,0.08564061,0.009448371,2.81E-06,,,0.060385216,0.07846096,0.086305266,0.893971659,0.904908206,0.990548815,0.999997186,1,1,1
1,"$25,001-50,000",6+ person household,Black or African American alone,Females,0.104482319,0.074094172,0.014900077,0.638276683,0.010930615,0.138577358,0.018735185,3.59E-06,,,0.104482319,0.178576491,0.193476568,0.831753251,0.842683866,0.981261223,0.999996408,1,1,1
1,">$50,000",6+ person household,Black or African American alone,Females,0.126947159,0.360057184,0.043400685,0.292547833,0.023008829,0.120783655,0.033230084,2.46E-05,,,0.126947159,0.487004343,0.530405028,0.822952861,0.84596169,0.966745345,0.999975428,1,1,1
1,"<=$25,000",1-2 person household,Other,Females,0.304166362,0.251271549,0.092360114,0.191034216,0.004004245,0.038150288,0.053072629,0.065940599,,,0.304166362,0.55543791,0.647798024,0.83883224,0.842836484,0.880986773,0.934059401,1,1,1
1,"$25,001-50,000",1-2 person household,Other,Females,0.246178947,0.481791045,0.082062741,0.070618043,0.001872029,0.028876057,0.049226527,0.039374611,,,0.246178947,0.727969992,0.810032733,0.880650776,0.882522805,0.911398862,0.960625389,1,1,1
1,">$50,000",1-2 person household,Other,Females,0.090707077,0.70999655,0.072487676,0.009815528,0.001195013,0.007632448,0.02647785,0.081687857,,,0.090707077,0.800703628,0.873191303,0.883006831,0.884201844,0.891834292,0.918312143,1,1,1
1,"<=$25,000",3-5 person household,Other,Females,0.150945506,0.120041704,0.055179416,0.552467722,0.002700277,0.058989498,0.03454831,0.025127568,,,0.150945506,0.270987209,0.326166625,0.878634347,0.881334624,0.940324122,0.974872432,1,1,1
1,"$25,001-50,000",3-5 person household,Other,Females,0.174888409,0.329494881,0.070184267,0.292356356,0.00180718,0.063916927,0.045872934,0.021479045,,,0.174888409,0.504383291,0.574567558,0.866923914,0.868731094,0.932648021,0.978520955,1,1,1
1,">$50,000",3-5 person household,Other,Females,0.087089961,0.656240444,0.083786632,0.054919596,0.001559115,0.022832773,0.033347007,0.060224472,,,0.087089961,0.743330405,0.827117037,0.882036633,0.883595748,0.906428521,0.939775528,1,1,1
1,"<=$25,000",6+ person household,Other,Females,0.102619069,0.04207316,0.021210623,0.748048606,0.00406411,0.049672174,0.020869414,0.011442844,,,0.102619069,0.144692229,0.165902852,0.913951457,0.918015568,0.967687742,0.988557156,1,1,1
1,"$25,001-50,000",6+ person household,Other,Females,0.158265676,0.153723224,0.035911531,0.526930425,0.003620565,0.071642739,0.03688568,0.01302016,,,0.158265676,0.3119889,0.347900431,0.874830856,0.878451421,0.95009416,0.98697984,1,1,1
1,">$50,000",6+ person household,Other,Females,0.127348842,0.494714908,0.069273969,0.159944482,0.005047245,0.04135387,0.04332707,0.058989613,,,0.127348842,0.622063751,0.69133772,0.851282202,0.856329446,0.897683316,0.941010387,1,1,1
1,"<=$25,000",1-2 person household,White alone,Males,0.32772575,0.294048446,0.114780145,0.178681289,0.007350957,0.030613201,0.018901754,0.027898457,,,0.32772575,0.621774197,0.736554341,0.91523563,0.922586588,0.953199789,0.972101543,1,1,1
1,"$25,001-50,000",1-2 person household,White alone,Males,0.250731474,0.532957841,0.096402187,0.062437018,0.003248586,0.021903191,0.016572547,0.015747156,,,0.250731474,0.783689315,0.880091502,0.94252852,0.945777106,0.967680297,0.984252844,1,1,1
1,">$50,000",1-2 person household,White alone,Males,0.090478777,0.769197696,0.083397426,0.00849939,0.002030963,0.005669973,0.008730124,0.031995652,,,0.090478777,0.859676473,0.943073899,0.951573289,0.953604252,0.959274224,0.968004348,1,1,1
1,"<=$25,000",3-5 person household,White alone,Males,0.168770177,0.145775271,0.071159935,0.536229821,0.005144081,0.049120384,0.01276834,0.011031991,,,0.168770177,0.314545448,0.385705383,0.921935203,0.927079284,0.976199669,0.988968009,1,1,1
1,"$25,001-50,000",3-5 person household,White alone,Males,0.185699532,0.379992165,0.085955264,0.269482679,0.003269453,0.050544884,0.016100465,0.008955558,,,0.185699532,0.565691697,0.651646961,0.921129639,0.924399092,0.974943977,0.991044442,1,1,1
1,">$50,000",3-5 person household,White alone,Males,0.087221563,0.713830249,0.096786197,0.047747609,0.002660467,0.017030444,0.011039381,0.023684089,,,0.087221563,0.801051812,0.897838009,0.945585618,0.948246085,0.965276529,0.976315911,1,1,1
1,"<=$25,000",6+ person household,White alone,Males,0.116948994,0.052077454,0.02788077,0.74005973,0.007891468,0.042159274,0.007861597,0.005120712,,,0.116948994,0.169026448,0.196907218,0.936966948,0.944858417,0.987017691,0.994879288,1,1,1
1,"$25,001-50,000",6+ person household,White alone,Males,0.175674203,0.185326245,0.045976732,0.507741971,0.006847334,0.059224987,0.013533533,0.005674995,,,0.175674203,0.361000448,0.40697718,0.914719151,0.921566485,0.980791472,0.994325005,1,1,1
1,">$50,000",6+ person household,White alone,Males,0.132613854,0.559532198,0.083204515,0.144587814,0.008955136,0.032071671,0.014913698,0.024121114,,,0.132613854,0.692146052,0.775350567,0.919938381,0.928893517,0.960965188,0.975878886,1,1,1
1,"<=$25,000",1-2 person household,Black or African American alone,Males,0.30530719,0.162941357,0.054903604,0.306127502,0.027328949,0.102404797,0.040966704,1.99E-05,,,0.30530719,0.468248546,0.52315215,0.829279652,0.856608601,0.959013398,0.999980102,1,1,1
1,"$25,001-50,000",1-2 person household,Black or African American alone,Males,0.290786994,0.36765879,0.057406442,0.133169596,0.015035333,0.091213389,0.044715475,1.40E-05,,,0.290786994,0.658445783,0.715852225,0.849021821,0.864057154,0.955270543,0.999986018,1,1,1
1,">$50,000",1-2 person household,Black or African American alone,Males,0.138079626,0.698243383,0.065349632,0.023854341,0.012369081,0.031070549,0.030996006,3.74E-05,,,0.138079626,0.836323008,0.90167264,0.925526982,0.937896063,0.968966612,0.999962617,1,1,1
1,"<=$25,000",3-5 person household,Black or African American alone,Males,0.11215451,0.057622337,0.024280867,0.655343209,0.013642106,0.117210868,0.019740491,5.61E-06,,,0.11215451,0.169776847,0.194057714,0.849400923,0.863043029,0.980253897,0.999994387,1,1,1
1,"$25,001-50,000",3-5 person household,Black or African American alone,Males,0.156911951,0.190987888,0.037292827,0.418767406,0.011024855,0.153358378,0.031650902,5.79E-06,,,0.156911951,0.347899839,0.385192666,0.803960072,0.814984926,0.968343304,0.999994207,1,1,1
1,">$50,000",3-5 person household,Black or African American alone,Males,0.116793766,0.568560546,0.066545216,0.117582919,0.014216944,0.081885472,0.034390857,2.43E-05,,,0.116793766,0.685354312,0.751899528,0.869482446,0.883699391,0.965584863,0.99997572,1,1,1
1,"<=$25,000",6+ person household,Black or African American alone,Males,0.067818985,0.017963482,0.008301703,0.789256879,0.018262709,0.087787567,0.010606401,2.27E-06,,,0.067818985,0.085782467,0.09408417,0.883341049,0.901603758,0.989391325,0.999997727,1,1,1
1,"$25,001-50,000",6+ person household,Black or African American alone,Males,0.11597454,0.072774221,0.015584769,0.616445284,0.018039676,0.140392766,0.020785874,2.87E-06,,,0.11597454,0.188748761,0.204333531,0.820778815,0.838818491,0.979211257,0.999997132,1,1,1
1,">$50,000",6+ person household,Black or African American alone,Males,0.138185834,0.346805265,0.044517333,0.277078688,0.037239116,0.120000016,0.036154506,1.92E-05,,,0.138185834,0.484991098,0.529508431,0.806587119,0.843826235,0.963826252,0.999980757,1,1,1
1,"<=$25,000",1-2 person household,Other,Males,0.330250855,0.241406939,0.09449509,0.180471915,0.006464243,0.037806214,0.057596199,0.051508545,,,0.330250855,0.571657794,0.666152884,0.846624799,0.853089042,0.890895256,0.948491455,1,1,1
1,"$25,001-50,000",1-2 person household,Other,Males,0.268187067,0.464428977,0.08424128,0.066937316,0.003032241,0.028711602,0.053601455,0.030860064,,,0.268187067,0.732616043,0.816857323,0.883794639,0.88682688,0.915538482,0.969139936,1,1,1
1,">$50,000",1-2 person household,Other,Males,0.101943631,0.70607174,0.076767097,0.009598388,0.001996897,0.007829164,0.029743502,0.06604958,,,0.101943631,0.808015372,0.884782468,0.894380856,0.896377753,0.904206918,0.93395042,1,1,1
1,"<=$25,000",3-5 person household,Other,Males,0.167656842,0.117979598,0.057752423,0.533916947,0.004459373,0.059800993,0.03835468,0.020079144,,,0.167656842,0.28563644,0.343388864,0.877305811,0.881765184,0.941566177,0.979920856,1,1,1
1,"$25,001-50,000",3-5 person household,Other,Males,0.192336148,0.32064334,0.072733029,0.279755174,0.002955055,0.064157639,0.050425111,0.016994503,,,0.192336148,0.512979488,0.585712517,0.865467691,0.868422746,0.932580385,0.983005497,1,1,1
1,">$50,000",3-5 person household,Other,Males,0.097380765,0.649294527,0.088281933,0.053431592,0.002592075,0.023302169,0.0372694,0.048447538,,,0.097380765,0.746675292,0.834957225,0.888388818,0.890980893,0.914283062,0.951552462,1,1,1
1,"<=$25,000",6+ person household,Other,Males,0.115149995,0.041774826,0.022427522,0.73035057,0.006780561,0.050872329,0.023406505,0.009237692,,,0.115149995,0.156924821,0.179352343,0.909702913,0.916483474,0.967355803,0.990762308,1,1,1
1,"$25,001-50,000",6+ person household,Other,Males,0.175147362,0.150532408,0.037449222,0.507382914,0.00595741,0.072363847,0.040800465,0.010366372,,,0.175147362,0.32567977,0.363128992,0.870511905,0.876469316,0.948833162,0.989633628,1,1,1
1,">$50,000",6+ person household,Other,Males,0.141413972,0.486100404,0.07248688,0.15453693,0.00833328,0.041912742,0.04808915,0.047126642,,,0.141413972,0.627514375,0.700001255,0.854538186,0.862871466,0.904784208,0.952873358,1,1,1
1,"<=$25,000",1-2 person household,White alone,Females,0.302503697,0.306736419,0.112433278,0.189554237,0.004563517,0.030959666,0.017455479,0.035793707,,,0.302503697,0.609240116,0.721673394,0.911227631,0.915791148,0.946750814,0.964206293,1,1,1
1,"$25,001-50,000",1-2 person household,White alone,Females,0.229659032,0.551688418,0.093706463,0.065728108,0.002001266,0.021981102,0.015187052,0.02004856,,,0.229659032,0.78134745,0.875053913,0.940782021,0.942783286,0.964764388,0.97995144,1,1,1
1,">$50,000",1-2 person household,White alone,Females,0.080869422,0.776965845,0.079103964,0.008730913,0.001220886,0.005552467,0.007806701,0.039749801,,,0.080869422,0.857835267,0.936939232,0.945670145,0.946891031,0.952443498,0.960250199,1,1,1
1,"<=$25,000",3-5 person household,White alone,Females,0.151948286,0.148323612,0.067989778,0.554862484,0.003114896,0.048453958,0.011501225,0.013805762,,,0.151948286,0.300271898,0.368261676,0.92312416,0.926239056,0.974693014,0.986194238,1,1,1
1,"$25,001-50,000",3-5 person household,White alone,Females,0.168479698,0.389616861,0.08275938,0.280997154,0.001995021,0.050243672,0.014614526,0.011293688,,,0.168479698,0.558096559,0.640855939,0.921853092,0.923848113,0.974091786,0.988706312,1,1,1
1,">$50,000",3-5 person household,White alone,Females,0.078159675,0.722903227,0.09204078,0.04917505,0.001603439,0.016720615,0.009897219,0.029499995,,,0.078159675,0.801062902,0.893103682,0.942278732,0.943882171,0.960602787,0.970500005,1,1,1
1,"<=$25,000",6+ person household,White alone,Females,0.104193136,0.052434689,0.026360604,0.757780963,0.004728639,0.041153156,0.007007498,0.006341315,,,0.104193136,0.156627825,0.182988429,0.940769393,0.945498032,0.986651188,0.993658685,1,1,1
1,"$25,001-50,000",6+ person household,White alone,Females,0.158496459,0.188962155,0.044020772,0.526488556,0.004154978,0.05854421,0.012216092,0.007116778,,,0.158496459,0.347458614,0.391479386,0.917967942,0.92212292,0.98066713,0.992883222,1,1,1
1,">$50,000",6+ person household,White alone,Females,0.119575423,0.570170111,0.079617385,0.149836984,0.005430763,0.031684147,0.013453891,0.030231296,,,0.119575423,0.689745534,0.769362919,0.919199902,0.924630666,0.956314813,0.969768704,1,1,1
1,"<=$25,000",1-2 person household,Black or African American alone,Females,0.285029403,0.171913623,0.054395311,0.328465135,0.017159762,0.104746696,0.03826425,2.58E-05,,,0.285029403,0.456943026,0.511338338,0.839803472,0.856963234,0.96170993,0.99997418,1,1,1
1,"$25,001-50,000",1-2 person household,Black or African American alone,Females,0.270482851,0.386488028,0.056667411,0.142365297,0.009406185,0.092958852,0.041613299,1.81E-05,,,0.270482851,0.656970879,0.71363829,0.856003587,0.865409772,0.958368624,0.999981923,1,1,1
1,">$50,000",1-2 person household,Black or African American alone,Females,0.125827509,0.719083233,0.063197097,0.024983181,0.007580871,0.031021467,0.028259292,4.74E-05,,,0.125827509,0.844910743,0.908107839,0.93309102,0.940671891,0.971693358,0.99995265,1,1,1
1,"<=$25,000",3-5 person household,Black or African American alone,Females,0.10071493,0.058478243,0.023139251,0.676363587,0.008239374,0.115322061,0.017735548,7.01E-06,,,0.10071493,0.159193174,0.182332425,0.858696011,0.866935386,0.982257447,0.999992994,1,1,1
1,"$25,001-50,000",3-5 person household,Black or African American alone,Females,0.142552219,0.196087596,0.035954334,0.437245281,0.006736379,0.152648614,0.02876826,7.32E-06,,,0.142552219,0.338639815,0.374594149,0.81183943,0.81857581,0.971224424,0.999992684,1,1,1
1,">$50,000",3-5 person household,Black or African American alone,Females,0.106290573,0.584760651,0.064268759,0.122985418,0.008701959,0.081648713,0.031313213,3.07E-05,,,0.106290573,0.691051225,0.755319983,0.878305401,0.88700736,0.968656074,0.999969286,1,1,1
1,"<=$25,000",6+ person household,Black or African American alone,Females,0.060385216,0.018075744,0.007844306,0.807666393,0.010936547,0.08564061,0.009448371,2.81E-06,,,0.060385216,0.07846096,0.086305266,0.893971659,0.904908206,0.990548815,0.999997186,1,1,1
1,"$25,001-50,000",6+ person household,Black or African American alone,Females,0.104482319,0.074094172,0.014900077,0.638276683,0.010930615,0.138577358,0.018735185,3.59E-06,,,0.104482319,0.178576491,0.193476568,0.831753251,0.842683866,0.981261223,0.999996408,1,1,1
1,">$50,000",6+ person household,Black or African American alone,Females,0.126947159,0.360057184,0.043400685,0.292547833,0.023008829,0.120783655,0.033230084,2.46E-05,,,0.126947159,0.487004343,0.530405028,0.822952861,0.84596169,0.966745345,0.999975428,1,1,1
1,"<=$25,000",1-2 person household,Other,Females,0.304166362,0.251271549,0.092360114,0.191034216,0.004004245,0.038150288,0.053072629,0.065940599,,,0.304166362,0.55543791,0.647798024,0.83883224,0.842836484,0.880986773,0.934059401,1,1,1
1,"$25,001-50,000",1-2 person household,Other,Females,0.246178947,0.481791045,0.082062741,0.070618043,0.001872029,0.028876057,0.049226527,0.039374611,,,0.246178947,0.727969992,0.810032733,0.880650776,0.882522805,0.911398862,0.960625389,1,1,1
1,">$50,000",1-2 person household,Other,Females,0.090707077,0.70999655,0.072487676,0.009815528,0.001195013,0.007632448,0.02647785,0.081687857,,,0.090707077,0.800703628,0.873191303,0.883006831,0.884201844,0.891834292,0.918312143,1,1,1
1,"<=$25,000",3-5 person household,Other,Females,0.150945506,0.120041704,0.055179416,0.552467722,0.002700277,0.058989498,0.03454831,0.025127568,,,0.150945506,0.270987209,0.326166625,0.878634347,0.881334624,0.940324122,0.974872432,1,1,1
1,"$25,001-50,000",3-5 person household,Other,Females,0.174888409,0.329494881,0.070184267,0.292356356,0.00180718,0.063916927,0.045872934,0.021479045,,,0.174888409,0.504383291,0.574567558,0.866923914,0.868731094,0.932648021,0.978520955,1,1,1
1,">$50,000",3-5 person household,Other,Females,0.087089961,0.656240444,0.083786632,0.054919596,0.001559115,0.022832773,0.033347007,0.060224472,,,0.087089961,0.743330405,0.827117037,0.882036633,0.883595748,0.906428521,0.939775528,1,1,1
1,"<=$25,000",6+ person household,Other,Females,0.102619069,0.04207316,0.021210623,0.748048606,0.00406411,0.049672174,0.020869414,0.011442844,,,0.102619069,0.144692229,0.165902852,0.913951457,0.918015568,0.967687742,0.988557156,1,1,1
1,"$25,001-50,000",6+ person household,Other,Females,0.158265676,0.153723224,0.035911531,0.526930425,0.003620565,0.071642739,0.03688568,0.01302016,,,0.158265676,0.3119889,0.347900431,0.874830856,0.878451421,0.95009416,0.98697984,1,1,1
1,">$50,000",6+ person household,Other,Females,0.127348842,0.494714908,0.069273969,0.159944482,0.005047245,0.04135387,0.04332707,0.058989613,,,0.127348842,0.622063751,0.69133772,0.851282202,0.856329446,0.897683316,0.941010387,1,1,1
2,"<=$25,000",1-2 person household,White alone,Males,0.529207995,0.236376468,0.072892096,0.072171105,0.021684916,0.013669072,0.028922975,0.025075373,,,0.529207995,0.765584463,0.838476559,0.910647664,0.93233258,0.946001652,0.974924627,1,1,1
2,"$25,001-50,000",1-2 person household,White alone,Males,0.280325988,0.571131512,0.070273324,0.011646087,0.009401387,0.005345074,0.021748185,0.030128443,,,0.280325988,0.8514575,0.921730824,0.933376911,0.942778298,0.948123372,0.969871557,1,1,1
2,">$50,000",1-2 person household,White alone,Males,0.126275117,0.749288691,0.070769478,0.002806982,0.004388921,0.002329122,0.011314347,0.032827342,,,0.126275117,0.875563808,0.946333286,0.949140268,0.953529189,0.955858312,0.967172658,1,1,1
2,"<=$25,000",3-5 person household,White alone,Males,0.500425782,0.100804785,0.03503188,0.281347874,0.021234584,0.031364576,0.020002138,0.00978838,,,0.500425782,0.601230567,0.636262448,0.917610321,0.938844905,0.970209482,0.99021162,1,1,1
2,"$25,001-50,000",3-5 person household,White alone,Males,0.416733507,0.382908328,0.053095203,0.071374337,0.014473039,0.019281282,0.023644942,0.018489361,,,0.416733507,0.799641835,0.852737038,0.924111375,0.938584415,0.957865697,0.981510639,1,1,1
2,">$50,000",3-5 person household,White alone,Males,0.232227132,0.62145257,0.066147115,0.02128148,0.008358449,0.010393805,0.015217554,0.024921893,,,0.232227132,0.853679702,0.919826817,0.941108298,0.949466747,0.959860552,0.975078107,1,1,1
2,"<=$25,000",6+ person household,White alone,Males,0.498400138,0.048126104,0.011199282,0.374764285,0.019763143,0.031941513,0.009941545,0.005863989,,,0.498400138,0.546526242,0.557725524,0.932489809,0.952252953,0.984194466,0.994136011,1,1,1
2,"$25,001-50,000",6+ person household,White alone,Males,0.5419525,0.238703446,0.022163909,0.124142639,0.017588805,0.025639898,0.015345465,0.014463338,,,0.5419525,0.780655946,0.802819855,0.926962494,0.944551299,0.970191197,0.985536662,1,1,1
2,">$50,000",6+ person household,White alone,Males,0.374049923,0.479828094,0.034199187,0.045845269,0.012581027,0.017118621,0.012232084,0.024145794,,,0.374049923,0.853878018,0.888077205,0.933922474,0.946503501,0.963622122,0.975854206,1,1,1
2,"<=$25,000",1-2 person household,Black or African American alone,Males,0.48719925,0.218881377,0.022432917,0.17622283,1.21E-07,0.09526148,1.09E-06,9.38E-07,,,0.48719925,0.706080626,0.728513543,0.904736373,0.904736494,0.999997973,0.999999062,1,1,1
2,"$25,001-50,000",1-2 person household,Black or African American alone,Males,0.295194375,0.604930103,0.024737757,0.03252695,6.00E-08,0.042608528,9.36E-07,1.29E-06,,,0.295194375,0.900124479,0.924862236,0.957389186,0.957389246,0.999997774,0.99999871,1,1,1
2,">$50,000",1-2 person household,Black or African American alone,Males,0.135974498,0.811546146,0.0254748,0.008016743,2.86E-08,0.01898585,4.98E-07,1.44E-06,,,0.135974498,0.947520644,0.972995444,0.981012187,0.981012215,0.999998065,0.999998563,1,1,1
2,"<=$25,000",3-5 person household,Black or African American alone,Males,0.313319621,0.063482413,0.007332237,0.467207876,8.06E-08,0.148657012,5.12E-07,2.49E-07,,,0.313319621,0.376802034,0.38413427,0.851342146,0.851342227,0.999999239,0.999999751,1,1,1
2,"$25,001-50,000",3-5 person household,Black or African American alone,Males,0.360842755,0.33348687,0.0153688,0.16391559,7.59E-08,0.126384421,8.37E-07,6.51E-07,,,0.360842755,0.694329625,0.709698425,0.873614015,0.873614091,0.999998512,0.999999349,1,1,1
2,">$50,000",3-5 person household,Black or African American alone,Males,0.228898404,0.616115525,0.021795449,0.055635276,4.99E-08,0.077553686,6.13E-07,9.99E-07,,,0.228898404,0.845013929,0.866809377,0.922444653,0.922444703,0.999998388,0.999999001,1,1,1
2,"<=$25,000",6+ person household,Black or African American alone,Males,0.279008202,0.027098414,0.002095821,0.556436505,6.70E-08,0.13536063,2.27E-07,1.33E-07,,,0.279008202,0.306106617,0.308202437,0.864638942,0.86463901,0.999999639,0.999999867,1,1,1
2,"$25,001-50,000",6+ person household,Black or African American alone,Males,0.412817602,0.182885818,0.005643759,0.250805213,8.12E-08,0.147846602,4.78E-07,4.48E-07,,,0.412817602,0.59570342,0.601347179,0.852152391,0.852152473,0.999999074,0.999999552,1,1,1
2,">$50,000",6+ person household,Black or African American alone,Males,0.334184369,0.431187927,0.010214037,0.108634981,6.81E-08,0.115777294,4.47E-07,8.77E-07,,,0.334184369,0.765372296,0.775586333,0.884221314,0.884221382,0.999998676,0.999999123,1,1,1
2,"<=$25,000",1-2 person household,Other,Males,0.538152588,0.220021817,0.044428544,0.046056316,0.009946554,0.017759549,0.07096543,0.052669202,,,0.538152588,0.758174405,0.802602949,0.848659265,0.85860582,0.876365368,0.947330798,1,1,1
2,"$25,001-50,000",1-2 person household,Other,Males,0.286541145,0.534370191,0.04305432,0.007470514,0.004334624,0.006980576,0.053637865,0.063610765,,,0.286541145,0.820911336,0.863965656,0.87143617,0.875770794,0.88275137,0.936389235,1,1,1
2,">$50,000",1-2 person household,Other,Males,0.132035969,0.717143598,0.044353008,0.001841878,0.002069989,0.003111577,0.028544919,0.070899062,,,0.132035969,0.849179566,0.893532574,0.895374453,0.897444442,0.90055602,0.929100938,1,1,1
2,"<=$25,000",3-5 person household,Other,Males,0.550896721,0.101576708,0.023115142,0.194366294,0.010544116,0.044114745,0.053129018,0.022257257,,,0.550896721,0.652473428,0.675588571,0.869954865,0.88049898,0.924613726,0.977742743,1,1,1
2,"$25,001-50,000",3-5 person household,Other,Males,0.429514061,0.361240346,0.032800228,0.046164471,0.006728443,0.025390352,0.058800643,0.039361456,,,0.429514061,0.790754407,0.823554635,0.869719106,0.876447549,0.901837901,0.960638544,1,1,1
2,">$50,000",3-5 person household,Other,Males,0.242076279,0.592965922,0.0413288,0.01392156,0.003930075,0.013842919,0.038274452,0.053659993,,,0.242076279,0.8350422,0.876371,0.890292561,0.894222636,0.908065555,0.946340007,1,1,1
2,"<=$25,000",6+ person household,Other,Males,0.57276112,0.050624244,0.007714152,0.270271578,0.010244418,0.046899121,0.027566022,0.013919346,,,0.57276112,0.623385363,0.631099515,0.901371093,0.91161551,0.958514632,0.986080654,1,1,1
2,"$25,001-50,000",6+ person household,Other,Males,0.564986908,0.227781432,0.013849246,0.081216625,0.008270835,0.034151305,0.038599533,0.031144116,,,0.564986908,0.79276834,0.806617586,0.887834211,0.896105046,0.930256351,0.968855884,1,1,1
2,">$50,000",6+ person household,Other,Males,0.385833955,0.453042577,0.021144103,0.029676468,0.005853597,0.022560748,0.030443611,0.051444941,,,0.385833955,0.838876532,0.860020635,0.889697103,0.8955507,0.918111448,0.948555059,1,1,1
2,"<=$25,000",1-2 person household,White alone,Females,0.415613619,0.28624691,0.101204268,0.12243486,0.017497835,0.015468,0.01902725,0.022507257,,,0.415613619,0.701860529,0.803064798,0.925499658,0.942997493,0.958465493,0.977492743,1,1,1
2,"$25,001-50,000",1-2 person household,White alone,Females,0.203076873,0.637979058,0.090000023,0.018224495,0.00699765,0.005579337,0.013197444,0.02494512,,,0.203076873,0.841055931,0.931055954,0.949280449,0.956278099,0.961857437,0.97505488,1,1,1
2,">$50,000",1-2 person household,White alone,Females,0.086036858,0.787207343,0.085244777,0.004131281,0.003072471,0.002286603,0.006457523,0.025563145,,,0.086036858,0.873244201,0.958488977,0.962620259,0.965692729,0.967979333,0.974436855,1,1,1
2,"<=$25,000",3-5 person household,White alone,Females,0.35228997,0.109424595,0.043599255,0.427841197,0.015359164,0.031814988,0.011795239,0.007875592,,,0.35228997,0.461714565,0.50531382,0.933155017,0.948514181,0.980329169,0.992124408,1,1,1
2,"$25,001-50,000",3-5 person household,White alone,Females,0.31127448,0.441014737,0.070112492,0.115161032,0.011107288,0.020751656,0.014794253,0.015784062,,,0.31127448,0.752289217,0.822401709,0.937562741,0.948670029,0.969421684,0.984215938,1,1,1
2,">$50,000",3-5 person household,White alone,Females,0.163749112,0.67568951,0.082457834,0.032415012,0.006055568,0.010560204,0.008988362,0.020084398,,,0.163749112,0.839438621,0.921896455,0.954311467,0.960367036,0.97092724,0.979915602,1,1,1
2,"<=$25,000",6+ person household,White alone,Females,0.336006684,0.050029211,0.013347962,0.545765802,0.013689544,0.031028229,0.005614271,0.004518296,,,0.336006684,0.386035895,0.399383857,0.94514966,0.958839204,0.989867433,0.995481704,1,1,1
2,"$25,001-50,000",6+ person household,White alone,Females,0.416319363,0.282746521,0.030100018,0.205998814,0.013882412,0.028380068,0.0098745,0.012698304,,,0.416319363,0.699065883,0.729165901,0.935164716,0.949047127,0.977427195,0.987301696,1,1,1
2,">$50,000",6+ person household,White alone,Females,0.27730964,0.548522269,0.044823544,0.07341897,0.009583291,0.018286724,0.00759636,0.020459202,,,0.27730964,0.825831908,0.870655453,0.944074422,0.953657714,0.971944438,0.979540798,1,1,1
2,"<=$25,000",1-2 person household,Black or African American alone,Females,0.352457766,0.244164477,0.028690706,0.275385459,8.99E-08,0.099300067,6.60E-07,7.76E-07,,,0.352457766,0.596622243,0.625312949,0.900698408,0.900698498,0.999998565,0.999999224,1,1,1
2,"$25,001-50,000",1-2 person household,Black or African American alone,Females,0.210347534,0.664672542,0.031163389,0.050066941,4.39E-08,0.043747942,5.59E-07,1.05E-06,,,0.210347534,0.875020076,0.906183465,0.956250405,0.956250449,0.999998391,0.99999895,1,1,1
2,">$50,000",1-2 person household,Black or African American alone,Females,0.092057602,0.847205189,0.030490742,0.011724072,1.99E-08,0.018520981,2.82E-07,1.11E-06,,,0.092057602,0.939262791,0.969753533,0.981477605,0.981477625,0.999998606,0.999998888,1,1,1
2,"<=$25,000",3-5 person household,Black or African American alone,Females,0.190167816,0.059412256,0.007867575,0.612544919,5.02E-08,0.13000695,2.60E-07,1.73E-07,,,0.190167816,0.249580072,0.257447647,0.869992566,0.869992617,0.999999567,0.999999827,1,1,1
2,"$25,001-50,000",3-5 person household,Black or African American alone,Females,0.250860095,0.357491341,0.018888983,0.246157014,5.42E-08,0.126601509,4.87E-07,5.17E-07,,,0.250860095,0.608351436,0.627240419,0.873397433,0.873397487,0.999998996,0.999999483,1,1,1
2,">$50,000",3-5 person household,Black or African American alone,Females,0.157928137,0.655468904,0.026585056,0.082917338,3.54E-08,0.077099388,3.54E-07,7.87E-07,,,0.157928137,0.813397041,0.839982097,0.922899435,0.92289947,0.999998858,0.999999213,1,1,1
2,"<=$25,000",6+ person household,Black or African American alone,Females,0.162071823,0.024272115,0.002152284,0.698207518,4.00E-08,0.11329602,1.11E-07,8.86E-08,,,0.162071823,0.186343937,0.188496222,0.88670374,0.88670378,0.999999801,0.999999911,1,1,1
2,"$25,001-50,000",6+ person household,Black or African American alone,Females,0.282829288,0.193205461,0.006835804,0.37117703,5.71E-08,0.145951736,2.74E-07,3.51E-07,,,0.282829288,0.476034748,0.482870553,0.854047582,0.85404764,0.999999375,0.999999649,1,1,1
2,">$50,000",6+ person household,Black or African American alone,Females,0.235572476,0.468681922,0.0127289,0.16541941,4.93E-08,0.117596272,2.64E-07,7.06E-07,,,0.235572476,0.704254398,0.716983298,0.882402708,0.882402758,0.99999903,0.999999294,1,1,1
2,"<=$25,000",1-2 person household,Other,Females,0.444423619,0.280175813,0.064864757,0.082159778,0.008439711,0.021132719,0.049091718,0.049711885,,,0.444423619,0.724599432,0.789464189,0.871623967,0.880063678,0.901196397,0.950288115,1,1,1
2,"$25,001-50,000",1-2 person household,Other,Females,0.214651231,0.61725101,0.057018809,0.012088578,0.003336269,0.007534759,0.033657943,0.054461401,,,0.214651231,0.831902241,0.88892105,0.901009628,0.904345897,0.911880656,0.945538599,1,1,1
2,">$50,000",1-2 person household,Other,Females,0.092217713,0.772327344,0.054764634,0.002778826,0.001485434,0.00313137,0.016700159,0.056594519,,,0.092217713,0.864545057,0.919309691,0.922088517,0.923573951,0.926705322,0.943405481,1,1,1
2,"<=$25,000",3-5 person household,Other,Females,0.419703818,0.119327367,0.03113324,0.319868923,0.008253651,0.048427077,0.033905817,0.019380107,,,0.419703818,0.539031185,0.570164425,0.890033349,0.898286999,0.946714076,0.980619893,1,1,1
2,"$25,001-50,000",3-5 person household,Other,Females,0.335039567,0.434498375,0.0452325,0.077786626,0.005392579,0.028537714,0.038421161,0.035091478,,,0.335039567,0.769537942,0.814770442,0.892557068,0.897949647,0.926487361,0.964908522,1,1,1
2,">$50,000",3-5 person household,Other,Females,0.175810367,0.664041428,0.053064009,0.021840296,0.002932623,0.014486107,0.023284715,0.044540455,,,0.175810367,0.839851795,0.892915803,0.9147561,0.917688723,0.93217483,0.955459545,1,1,1
2,"<=$25,000",6+ person household,Other,Females,0.419488109,0.057171274,0.009988248,0.427587365,0.007708974,0.049492863,0.016911804,0.011651364,,,0.419488109,0.476659383,0.486647631,0.914234996,0.92194397,0.971436833,0.988348636,1,1,1
2,"$25,001-50,000",6+ person household,Other,Females,0.45498396,0.282845463,0.019716909,0.141280103,0.006843374,0.039627507,0.026038109,0.028664575,,,0.45498396,0.737829422,0.757546332,0.898826435,0.905669809,0.945297316,0.971335425,1,1,1
2,">$50,000",6+ person household,Other,Females,0.294819333,0.533786674,0.028562735,0.048983079,0.004595593,0.02483938,0.019485941,0.044927265,,,0.294819333,0.828606006,0.857168742,0.906151821,0.910747414,0.935586794,0.955072735,1,1,1
3,"<=$25,000",1-2 person household,White alone,Males,0.435416105,0.181709808,0.073679687,0.150686178,0.040304307,0.056649974,0.004601564,0.022699911,0.022067011,0.012185455,0.435416105,0.617125914,0.690805601,0.841491779,0.881796086,0.93844606,0.943047624,0.965747535,0.987814545,1
3,"$25,001-50,000",1-2 person household,White alone,Males,0.299189039,0.51950212,0.053208894,0.032171629,0.016709577,0.019885871,0.008648732,0.008931531,0.014702336,0.027050271,0.299189039,0.818691159,0.871900053,0.904071682,0.920781259,0.94066713,0.949315862,0.958247393,0.972949729,1
3,">$50,000",1-2 person household,White alone,Males,0.072287923,0.810017485,0.049921548,0.008234567,0.00376479,0.005669455,0.003032344,0.004492835,0.00537154,0.037207514,0.072287923,0.882305408,0.932226956,0.940461522,0.944226312,0.949895768,0.952928112,0.957420946,0.962792486,1
3,"<=$25,000",3-5 person household,White alone,Males,0.468406302,0.133775545,0.082434579,0.204835372,0.016180074,0.032835711,0.003013884,0.033868588,0.013956774,0.01069317,0.468406302,0.602181847,0.684616426,0.889451798,0.905631872,0.938467584,0.941481468,0.975350056,0.98930683,1
3,"$25,001-50,000",3-5 person household,White alone,Males,0.366646227,0.435681362,0.067815534,0.049818183,0.007641486,0.0131303,0.006452928,0.015180363,0.01059281,0.027040808,0.366646227,0.802327589,0.870143123,0.919961306,0.927602792,0.940733091,0.947186019,0.962366382,0.972959192,1
3,">$50,000",3-5 person household,White alone,Males,0.098351305,0.754204097,0.070639209,0.014156909,0.001911463,0.004156083,0.002511861,0.008477924,0.004296714,0.041294435,0.098351305,0.852555402,0.923194611,0.937351519,0.939262982,0.943419065,0.945930927,0.95440885,0.958705565,1
3,"<=$25,000",6+ person household,White alone,Males,0.40547073,0.064362892,0.042882409,0.368268565,0.014137285,0.035909403,0.001459756,0.036683398,0.024084231,0.006741331,0.40547073,0.469833622,0.512716031,0.880984596,0.895121881,0.931031284,0.93249104,0.969174438,0.993258669,1
3,"$25,001-50,000",6+ person household,White alone,Males,0.436100402,0.288025071,0.04847317,0.123069396,0.009174149,0.019730536,0.004294505,0.022592127,0.025116632,0.023424013,0.436100402,0.724125473,0.772598643,0.895668039,0.904842188,0.924572724,0.928867228,0.951459355,0.976575987,1
3,">$50,000",6+ person household,White alone,Males,0.151957929,0.647670581,0.065587645,0.045429147,0.002980972,0.008112457,0.00217148,0.016389603,0.013233986,0.046466198,0.151957929,0.79962851,0.865216156,0.910645303,0.913626275,0.921738732,0.923910212,0.940299816,0.953533802,1
3,"<=$25,000",1-2 person household,Black or African American alone,Males,0.446939521,0.10046281,0.036385848,0.313334958,4.62E-07,4.12E-07,2.02E-07,3.26E-07,0.088977108,0.013898351,0.446939521,0.547402331,0.583788179,0.897123138,0.8971236,0.897124012,0.897124214,0.89712454,0.986101649,1
3,"$25,001-50,000",1-2 person household,Black or African American alone,Males,0.394924018,0.369349806,0.03379034,0.086026466,2.46E-07,1.86E-07,4.89E-07,1.65E-07,0.0762333,0.039674985,0.394924018,0.764273824,0.798064163,0.884090629,0.884090875,0.884091061,0.884091551,0.884091716,0.960325015,1
3,">$50,000",1-2 person household,Black or African American alone,Males,0.118171039,0.713218139,0.039262125,0.027269503,6.88E-08,6.57E-08,2.13E-07,1.03E-07,0.03449329,0.067585454,0.118171039,0.831389178,0.870651303,0.897920806,0.897920875,0.89792094,0.897921153,0.897921256,0.932414546,1
3,"<=$25,000",3-5 person household,Black or African American alone,Males,0.44115274,0.067861845,0.037352196,0.390807031,1.70E-07,2.19E-07,1.22E-07,4.46E-07,0.051634718,0.011190513,0.44115274,0.509014585,0.54636678,0.937173811,0.937173982,0.937174201,0.937174322,0.937174768,0.988809487,1
3,"$25,001-50,000",3-5 person household,Black or African American alone,Males,0.454604095,0.290963015,0.040453469,0.125131074,1.06E-07,1.15E-07,3.43E-07,2.63E-07,0.051592648,0.037254871,0.454604095,0.745567111,0.78602058,0.911151654,0.91115176,0.911151875,0.911152218,0.911152481,0.962745129,1
3,">$50,000",3-5 person household,Black or African American alone,Males,0.156111238,0.644800863,0.05394365,0.045521193,3.39E-08,4.67E-08,1.71E-07,1.88E-07,0.026790514,0.072832103,0.156111238,0.800912101,0.854855751,0.900376944,0.900376977,0.900377024,0.900377195,0.900377383,0.927167897,1
3,"<=$25,000",6+ person household,Black or African American alone,Males,0.309780535,0.026485785,0.015762106,0.56996794,1.21E-07,1.94E-07,4.78E-08,3.92E-07,0.072279961,0.005722918,0.309780535,0.33626632,0.352028426,0.921996366,0.921996487,0.921996681,0.921996729,0.921997121,0.994277082,1
3,"$25,001-50,000",6+ person household,Black or African American alone,Males,0.441147482,0.156931561,0.023590612,0.252196206,1.04E-07,1.41E-07,1.86E-07,3.20E-07,0.099804295,0.026329093,0.441147482,0.598079043,0.621669655,0.873865861,0.873865965,0.873866106,0.873866292,0.873866612,0.973670907,1
3,">$50,000",6+ person household,Black or African American alone,Males,0.208731273,0.479182567,0.043343767,0.126412466,4.57E-08,7.90E-08,1.28E-07,3.15E-07,0.07140775,0.070921608,0.208731273,0.687913841,0.731257608,0.857670074,0.85767012,0.857670199,0.857670327,0.857670642,0.929078392,1
3,"<=$25,000",1-2 person household,Other,Males,0.443776322,0.167314413,0.055344951,0.086470859,0.050484732,0.034344919,0.001987562,0.032103195,0.106318826,0.021854221,0.443776322,0.611090735,0.666435686,0.752906545,0.803391276,0.837736196,0.839723758,0.871826953,0.978145779,1
3,"$25,001-50,000",1-2 person household,Other,Males,0.301791198,0.473416685,0.039556306,0.018271351,0.02071454,0.011931874,0.003697166,0.012501188,0.07010585,0.048013843,0.301791198,0.775207883,0.814764188,0.833035539,0.853750079,0.865681953,0.869379119,0.881880307,0.951986157,1
3,">$50,000",1-2 person household,Other,Males,0.075940924,0.768776092,0.038651715,0.004870658,0.004860711,0.003542865,0.001350032,0.006549302,0.026675709,0.068781991,0.075940924,0.844717016,0.883368732,0.888239389,0.8931001,0.896642965,0.897992998,0.9045423,0.931218009,1
3,"<=$25,000",3-5 person household,Other,Males,0.499456476,0.128868565,0.064782088,0.122974931,0.021203346,0.020826894,0.001361937,0.050111394,0.070350469,0.0200639,0.499456476,0.628325041,0.69310713,0.816082061,0.837285407,0.8581123,0.859474237,0.909585631,0.9799361,1
3,"$25,001-50,000",3-5 person household,Other,Males,0.375299448,0.402897928,0.051159995,0.028711462,0.009612967,0.007994816,0.002799259,0.021561419,0.051256496,0.048706209,0.375299448,0.778197376,0.829357371,0.858068833,0.8676818,0.875676616,0.878475875,0.900037295,0.951293791,1
3,">$50,000",3-5 person household,Other,Males,0.103486072,0.716945282,0.054779518,0.008387005,0.002471819,0.002601292,0.00112009,0.012378151,0.021372006,0.076458764,0.103486072,0.820431355,0.875210873,0.883597878,0.886069697,0.888670989,0.889791079,0.90216923,0.923541236,1
3,"<=$25,000",6+ person household,Other,Males,0.44142886,0.06330414,0.034407331,0.225736912,0.018915428,0.023254797,0.000673499,0.05541601,0.123948428,0.012914595,0.44142886,0.504732999,0.539140331,0.764877242,0.783792671,0.807047468,0.807720967,0.863136976,0.987085405,1
3,"$25,001-50,000",6+ person household,Other,Males,0.42861662,0.255745593,0.035111917,0.06810348,0.011081467,0.011535185,0.001788756,0.030810881,0.116694652,0.040511449,0.42861662,0.684362213,0.71947413,0.78757761,0.798659077,0.810194262,0.811983018,0.842793899,0.959488551,1
3,">$50,000",6+ person household,Other,Males,0.153884819,0.592545806,0.048951393,0.025902621,0.003710046,0.004886838,0.000931931,0.023030604,0.063353429,0.082802512,0.153884819,0.746430626,0.795382019,0.82128464,0.824994685,0.829881524,0.830813455,0.853844059,0.917197488,1
3,"<=$25,000",1-2 person household,White alone,Females,0.352813975,0.203592854,0.093208165,0.213986322,0.027101529,0.055136745,0.004779996,0.022818633,0.016238009,0.010323773,0.352813975,0.556406829,0.649614994,0.863601316,0.890702845,0.94583959,0.950619585,0.973438218,0.989676227,1
3,"$25,001-50,000",1-2 person household,White alone,Females,0.237727502,0.570773684,0.066005918,0.044800009,0.011017936,0.018979225,0.008809818,0.008804077,0.010608844,0.022472987,0.237727502,0.808501186,0.874507104,0.919307113,0.930325049,0.949304274,0.958114092,0.966918169,0.977527013,1
3,">$50,000",1-2 person household,White alone,Females,0.053630659,0.830968672,0.057822961,0.010706794,0.00231787,0.005052297,0.002884075,0.004135157,0.003619047,0.028862468,0.053630659,0.884599331,0.942422292,0.953129086,0.955446957,0.960499253,0.963383328,0.967518485,0.971137532,1
3,"<=$25,000",3-5 person household,White alone,Females,0.370671023,0.146381268,0.101845121,0.284080986,0.010625453,0.031211343,0.003057547,0.033249657,0.010029954,0.008847647,0.370671023,0.517052291,0.618897412,0.902978398,0.913603851,0.944815194,0.947872741,0.981122399,0.991152353,1
3,"$25,001-50,000",3-5 person household,White alone,Females,0.293462917,0.482189625,0.08474227,0.06988198,0.005075571,0.012623528,0.006621304,0.015073439,0.007699547,0.02262982,0.293462917,0.775652542,0.860394811,0.930276791,0.935352362,0.94797589,0.954597194,0.969670633,0.97737018,1
3,">$50,000",3-5 person household,White alone,Females,0.073193638,0.776113012,0.082073685,0.018464304,0.001180484,0.00371516,0.002396457,0.007827208,0.002903873,0.032132178,0.073193638,0.84930665,0.931380335,0.949844639,0.951025124,0.954740284,0.95713674,0.964963949,0.967867822,1
3,"<=$25,000",6+ person household,White alone,Females,0.303044062,0.06651578,0.050036894,0.482372147,0.008768258,0.032236997,0.001398644,0.034012614,0.016346585,0.005268019,0.303044062,0.369559842,0.419596736,0.901968883,0.910737141,0.942974138,0.944372783,0.978385396,0.994731981,1
3,"$25,001-50,000",6+ person household,White alone,Females,0.352297422,0.321733394,0.061134913,0.174238591,0.006150208,0.019145291,0.004447508,0.022641452,0.018426055,0.019785166,0.352297422,0.674030815,0.735165728,0.909404319,0.915554527,0.934699819,0.939147327,0.961788779,0.980214834,1
3,">$50,000",6+ person household,White alone,Females,0.114644277,0.675656645,0.077253106,0.060066856,0.001866328,0.007351595,0.002100224,0.015339869,0.009067085,0.036654017,0.114644277,0.790300921,0.867554027,0.927620883,0.929487211,0.936838806,0.93893903,0.954278898,0.963345983,1
3,"<=$25,000",1-2 person household,Black or African American alone,Females,0.347236463,0.107925671,0.044134068,0.426635236,2.98E-07,3.84E-07,2.02E-07,3.14E-07,0.062777328,0.011290035,0.347236463,0.455162134,0.499296203,0.925931439,0.925931737,0.925932121,0.925932323,0.925932637,0.988709965,1
3,"$25,001-50,000",1-2 person household,Black or African American alone,Females,0.323741127,0.418663474,0.043245586,0.123591247,1.68E-07,1.83E-07,5.14E-07,1.68E-07,0.056751458,0.034006076,0.323741127,0.742404601,0.785650187,0.909241433,0.909241601,0.909241784,0.909242298,0.909242466,0.965993924,1
3,">$50,000",1-2 person household,Black or African American alone,Females,0.089833137,0.749705616,0.046597671,0.036330723,4.34E-08,6.00E-08,2.07E-07,9.69E-08,0.023812671,0.053719774,0.089833137,0.839538753,0.886136424,0.922467148,0.922467191,0.922467251,0.922467458,0.922467555,0.946280226,1
3,"<=$25,000",3-5 person household,Black or African American alone,Females,0.330004916,0.070193995,0.043622692,0.512348067,1.06E-07,1.97E-07,1.17E-07,4.14E-07,0.035076901,0.008752596,0.330004916,0.400198911,0.443821603,0.95616967,0.956169776,0.956169973,0.956170089,0.956170503,0.991247404,1
3,"$25,001-50,000",3-5 person household,Black or African American alone,Females,0.371046362,0.328379088,0.051548437,0.178991048,7.17E-08,1.13E-07,3.59E-07,2.67E-07,0.038241122,0.031793133,0.371046362,0.69942545,0.750973887,0.929964935,0.929965007,0.92996512,0.929965479,0.929965745,0.968206867,1
3,">$50,000",3-5 person household,Black or African American alone,Females,0.118970389,0.67947455,0.064181512,0.06079805,2.14E-08,4.28E-08,1.67E-07,1.78E-07,0.018541025,0.058034065,0.118970389,0.798444939,0.862626451,0.923424501,0.923424523,0.923424566,0.923424733,0.92342491,0.941965935,1
3,"<=$25,000",6+ person household,Black or African American alone,Females,0.214896235,0.025405655,0.017070798,0.692941249,6.95E-08,1.62E-07,4.25E-08,3.37E-07,0.0455345,0.004150951,0.214896235,0.24030189,0.257372689,0.950313938,0.950314007,0.950314169,0.950314212,0.950314549,0.995849049,1
3,"$25,001-50,000",6+ person household,Black or African American alone,Females,0.351476376,0.172888258,0.029343805,0.352145538,6.86E-08,1.35E-07,1.90E-07,3.16E-07,0.072212029,0.021933284,0.351476376,0.524364634,0.55370844,0.905853978,0.905854046,0.905854182,0.905854372,0.905854688,0.978066716,1
3,">$50,000",6+ person household,Black or African American alone,Females,0.160619877,0.509865524,0.052071888,0.170479819,2.92E-08,7.30E-08,1.26E-07,3.01E-07,0.049900523,0.057061839,0.160619877,0.670485402,0.72255729,0.893037109,0.893037138,0.893037211,0.893037337,0.893037638,0.942938161,1
3,"<=$25,000",1-2 person household,Other,Females,0.38322482,0.19978631,0.074616077,0.13086713,0.036178504,0.035624774,0.002200346,0.034392357,0.083377266,0.019732416,0.38322482,0.58301113,0.657627206,0.788494337,0.824672841,0.860297615,0.86249796,0.896890318,0.980267584,1
3,"$25,001-50,000",1-2 person household,Other,Females,0.248219796,0.538413915,0.050793772,0.026337334,0.014138593,0.011787959,0.003898338,0.01275573,0.052363911,0.041290652,0.248219796,0.786633711,0.837427483,0.863764817,0.87790341,0.889691369,0.893589707,0.906345436,0.958709348,1
3,">$50,000",1-2 person household,Other,Females,0.057438285,0.804022728,0.045641431,0.006456312,0.003050889,0.003218699,0.001309033,0.006145324,0.018322703,0.054394596,0.057438285,0.861461013,0.907102445,0.913558756,0.916609646,0.919828344,0.921137377,0.927282701,0.945605404,1
3,"<=$25,000",3-5 person household,Other,Females,0.42123364,0.15028487,0.085299255,0.181766269,0.014839896,0.021098424,0.001472527,0.052430749,0.053881586,0.017692784,0.42123364,0.571518511,0.656817766,0.838584035,0.85342393,0.874522354,0.875994881,0.92842563,0.982307216,1
3,"$25,001-50,000",3-5 person household,Other,Females,0.310681631,0.461185405,0.06612003,0.041654724,0.006603834,0.007949618,0.002970718,0.022143138,0.038533153,0.042157748,0.310681631,0.771867036,0.837987066,0.87964179,0.886245625,0.894195242,0.897165961,0.919309099,0.957842252,1
3,">$50,000",3-5 person household,Other,Females,0.078614024,0.753090209,0.064968259,0.011165967,0.001558245,0.002373599,0.001090817,0.011665358,0.014743867,0.060729655,0.078614024,0.831704233,0.896672492,0.907838459,0.909396704,0.911770303,0.91286112,0.924526478,0.939270345,1
3,"<=$25,000",6+ person household,Other,Females,0.362539676,0.071890218,0.044117481,0.324914208,0.012891755,0.022940743,0.000709108,0.056461739,0.092445084,0.011089987,0.362539676,0.434429894,0.478547375,0.803461583,0.816353338,0.839294082,0.84000319,0.896464929,0.988910013,1
3,"$25,001-50,000",6+ person household,Other,Females,0.366865641,0.302683718,0.046919943,0.102159472,0.007871117,0.0118594,0.001962772,0.032716462,0.090706197,0.036255278,0.366865641,0.669549359,0.716469302,0.818628775,0.826499891,0.838359291,0.840322063,0.873038525,0.963744722,1
3,">$50,000",6+ person household,Other,Females,0.12042292,0.641177349,0.059805803,0.035524534,0.002409315,0.004593476,0.000934928,0.022358512,0.045022694,0.06775047,0.12042292,0.761600269,0.821406072,0.856930606,0.859339921,0.863933398,0.864868325,0.887226837,0.93224953,1
4,"<=$25,000",1-2 person household,White alone,Males,0.452873663,0.159178126,0.082505183,0.096219381,0.049334118,0.066915297,0.030311941,0.011272837,0.028218253,0.023171201,0.452873663,0.612051789,0.694556972,0.790776353,0.84011047,0.907025768,0.937337708,0.948610545,0.976828799,1
4,"$25,001-50,000",1-2 person household,White alone,Males,0.269417611,0.484085689,0.076416692,0.029715459,0.018700626,0.021825754,0.021158103,0.012751859,0.021565501,0.044362706,0.269417611,0.7535033,0.829919992,0.85963545,0.878336076,0.90016183,0.921319933,0.934071793,0.955637294,1
4,">$50,000",1-2 person household,White alone,Males,0.06676594,0.777927162,0.057886097,0.004827327,0.004738551,0.005396545,0.008372879,0.003441156,0.014389556,0.056254787,0.06676594,0.844693102,0.902579199,0.907406526,0.912145076,0.917541622,0.925914501,0.929355657,0.943745213,1
4,"<=$25,000",3-5 person household,White alone,Males,0.480487257,0.117724685,0.072774605,0.162392642,0.024753958,0.075934229,0.018291814,0.015780916,0.01605966,0.015800233,0.480487257,0.598211942,0.670986547,0.833379189,0.858133148,0.934067377,0.952359191,0.968140107,0.984199767,1
4,"$25,001-50,000",3-5 person household,White alone,Males,0.329043874,0.412125429,0.077590738,0.057731022,0.01080131,0.028510475,0.014697477,0.020549228,0.014128264,0.034822182,0.329043874,0.741169304,0.818760041,0.876491063,0.887292374,0.915802849,0.930500326,0.951049554,0.965177818,1
4,">$50,000",3-5 person household,White alone,Males,0.091959981,0.746899514,0.066284501,0.010576685,0.003086611,0.007949999,0.006559292,0.006253777,0.010631455,0.049798185,0.091959981,0.838859495,0.905143995,0.915720681,0.918807292,0.926757291,0.933316583,0.93957036,0.950201815,1
4,"<=$25,000",6+ person household,White alone,Males,0.593878299,0.037913761,0.026543759,0.235507488,0.02918251,0.043430549,3.72E-07,0.010435671,0.011815268,0.011292323,0.593878299,0.631792059,0.658335818,0.893843306,0.923025816,0.966456366,0.966456737,0.976892409,0.988707677,1
4,"$25,001-50,000",6+ person household,White alone,Males,0.557608132,0.181977816,0.038801825,0.114790864,0.01745879,0.02235743,4.09E-07,0.018631311,0.014251341,0.034122081,0.557608132,0.739585948,0.778387772,0.893178637,0.910637427,0.932994857,0.932995267,0.951626577,0.965877919,1
4,">$50,000",6+ person household,White alone,Males,0.252889171,0.535189132,0.053791088,0.034127441,0.008096096,0.010116741,2.96E-07,0.00920124,0.017402663,0.07918613,0.252889171,0.788078304,0.841869392,0.875996833,0.884092929,0.89420967,0.894209966,0.903411207,0.92081387,1
4,"<=$25,000",1-2 person household,Black or African American alone,Males,0.435816434,0.220503438,0.019012727,0.120763779,1.87E-05,1.86E-05,0.047358102,0.019049858,0.115075326,0.022383011,0.435816434,0.656319872,0.675332599,0.796096378,0.79611511,0.796133703,0.843491804,0.862541662,0.977616989,1
4,"$25,001-50,000",1-2 person household,Black or African American alone,Males,0.221564589,0.573062583,0.015048709,0.03187164,6.07E-06,5.18E-06,0.028249132,0.018415345,0.075155277,0.036621475,0.221564589,0.794627172,0.809675881,0.841547521,0.841553588,0.841558771,0.869807903,0.888223248,0.963378525,1
4,">$50,000",1-2 person household,Black or African American alone,Males,0.049683728,0.833304218,0.010315021,0.004685042,1.39E-06,1.16E-06,0.010115516,0.004496717,0.04537662,0.042020588,0.049683728,0.882987946,0.893302967,0.897988009,0.8979894,0.897990559,0.908106075,0.912602792,0.957979412,1
4,"<=$25,000",3-5 person household,Black or African American alone,Males,0.470823063,0.166053804,0.017076244,0.20753426,9.57E-06,2.15E-05,0.029099574,0.027154389,0.066686475,0.015541136,0.470823063,0.636876868,0.653953112,0.861487372,0.861496942,0.861518426,0.890618,0.917772389,0.984458864,1
4,"$25,001-50,000",3-5 person household,Black or African American alone,Males,0.281006572,0.506637717,0.015867525,0.064301264,3.64E-06,7.03E-06,0.020377902,0.030816986,0.051130145,0.02985122,0.281006572,0.787644289,0.803511814,0.867813078,0.867816718,0.867823748,0.88820165,0.919018635,0.97014878,1
4,">$50,000",3-5 person household,Black or African American alone,Males,0.070014227,0.818568532,0.012084705,0.010502304,9.27E-07,1.75E-06,0.008107713,0.008361069,0.034300914,0.038057861,0.070014227,0.888582759,0.900667464,0.911169768,0.911170695,0.911172443,0.919280156,0.927641225,0.961942139,1
4,"<=$25,000",6+ person household,Black or African American alone,Males,0.570096145,0.052390549,0.006101684,0.294851246,1.11E-05,1.20E-05,5.79E-07,0.017591506,0.048063985,0.010881215,0.570096145,0.622486695,0.628588378,0.923439624,0.923450677,0.923462715,0.923463294,0.9410548,0.989118785,1
4,"$25,001-50,000",6+ person household,Black or African American alone,Males,0.504194164,0.236860478,0.008401513,0.135370378,6.23E-06,5.84E-06,6.01E-07,0.029583129,0.054607212,0.03097046,0.504194164,0.741054642,0.749456155,0.884826533,0.884832761,0.884838598,0.884839199,0.914422328,0.96902954,1
4,">$50,000",6+ person household,Black or African American alone,Males,0.202299971,0.616280338,0.010304159,0.035605485,2.56E-06,2.34E-06,3.85E-07,0.012925398,0.058993865,0.063585507,0.202299971,0.818580308,0.828884467,0.864489953,0.864492508,0.864494845,0.86449523,0.877420628,0.936414493,1
4,"<=$25,000",1-2 person household,Other,Males,0.419705684,0.108838303,0.053081226,0.091144095,0.040362227,0.103048491,0.028756747,0.020716917,0.096581915,0.037764395,0.419705684,0.528543987,0.581625213,0.672769308,0.713131535,0.816180026,0.844936773,0.865653689,0.962235605,1
4,"$25,001-50,000",1-2 person household,Other,Males,0.278503985,0.369197086,0.054838504,0.031396849,0.017065599,0.037490663,0.022389294,0.026139848,0.082330906,0.080647268,0.278503985,0.64770107,0.702539574,0.733936422,0.751002022,0.788492685,0.810881978,0.837021826,0.919352732,1
4,">$50,000",1-2 person household,Other,Males,0.077057156,0.662410994,0.046379302,0.005694596,0.004827958,0.010349569,0.009892158,0.007875651,0.061334284,0.114178332,0.077057156,0.73946815,0.785847452,0.791542047,0.796370005,0.806719575,0.816611733,0.824487383,0.885821668,1
4,"<=$25,000",3-5 person household,Other,Males,0.449476068,0.081249898,0.047260301,0.155270602,0.02044228,0.118034978,0.017516192,0.029273929,0.055482875,0.025992879,0.449476068,0.530725965,0.577986266,0.733256868,0.753699148,0.871734126,0.889250318,0.918524247,0.974007121,1
4,"$25,001-50,000",3-5 person household,Other,Males,0.338488489,0.312788008,0.055410479,0.060701235,0.00980904,0.048735225,0.015477154,0.041918884,0.053675587,0.062995899,0.338488489,0.651276496,0.706686975,0.767388211,0.777197251,0.825932476,0.84140963,0.883328514,0.937004101,1
4,">$50,000",3-5 person household,Other,Males,0.106715807,0.639473639,0.053399083,0.012545202,0.003162072,0.015330115,0.00779193,0.014391179,0.045563859,0.101627115,0.106715807,0.746189446,0.799588529,0.81213373,0.815295802,0.830625917,0.838417847,0.852809027,0.898372885,1
4,"<=$25,000",6+ person household,Other,Males,0.558622983,0.026311693,0.017333078,0.226424936,0.02423282,0.067883637,3.58E-07,0.019465512,0.041045242,0.018679741,0.558622983,0.584934676,0.602267754,0.82869269,0.85292551,0.920809147,0.920809505,0.940275017,0.981320259,1
4,"$25,001-50,000",6+ person household,Other,Males,0.537047811,0.129310231,0.025943462,0.113002842,0.01484424,0.03578114,4.04E-07,0.035583721,0.050691774,0.057794374,0.537047811,0.666358042,0.692301504,0.805304346,0.820148587,0.855929727,0.85593013,0.891513852,0.942205626,1
4,">$50,000",6+ person household,Other,Males,0.261871221,0.408879573,0.03866872,0.036120974,0.007401047,0.017407908,3.14E-07,0.018894178,0.066553539,0.144202524,0.261871221,0.670750794,0.709419515,0.745540489,0.752941536,0.770349444,0.770349759,0.789243937,0.855797476,1
4,"<=$25,000",1-2 person household,White alone,Females,0.409905773,0.173296574,0.11010495,0.139944141,0.035308398,0.061771207,0.020712378,0.014164857,0.017423827,0.017367896,0.409905773,0.583202347,0.693307297,0.833251438,0.868559836,0.930331043,0.951043421,0.965208278,0.982632104,1
4,"$25,001-50,000",1-2 person household,White alone,Females,0.237524001,0.513337965,0.099331821,0.042096806,0.01303651,0.019624766,0.014082103,0.015607273,0.012970225,0.03238853,0.237524001,0.750861966,0.850193787,0.892290594,0.905327104,0.924951869,0.939033972,0.954641245,0.96761147,1
4,">$50,000",1-2 person household,White alone,Females,0.056951688,0.798160422,0.072802207,0.006616732,0.003196103,0.004694844,0.005391824,0.004075003,0.00837347,0.039737707,0.056951688,0.85511211,0.927914317,0.934531048,0.937727152,0.942421996,0.94781382,0.951888823,0.960262293,1
4,"<=$25,000",3-5 person household,White alone,Females,0.418867533,0.123441725,0.09353913,0.227481647,0.017063305,0.0675128,0.012038181,0.019098489,0.009550753,0.011406437,0.418867533,0.542309258,0.635848388,0.863330035,0.88039334,0.94790614,0.959944321,0.97904281,0.988593563,1
4,"$25,001-50,000",3-5 person household,White alone,Females,0.286713473,0.431939901,0.099683394,0.080833006,0.007442081,0.02533684,0.009668216,0.024857748,0.008398264,0.025127076,0.286713473,0.718653374,0.818336768,0.899169774,0.906611855,0.931948695,0.941616911,0.966474659,0.974872924,1
4,">$50,000",3-5 person household,White alone,Females,0.078081494,0.762800624,0.082981231,0.014430587,0.00207231,0.006884463,0.004204511,0.007371632,0.006158124,0.035015025,0.078081494,0.840882118,0.923863349,0.938293936,0.940366247,0.947250709,0.95145522,0.958826851,0.964984975,1
4,"<=$25,000",6+ person household,White alone,Females,0.513592988,0.039438293,0.033845637,0.327274028,0.019955745,0.03830634,2.43E-07,0.012528931,0.006970624,0.008087171,0.513592988,0.553031281,0.586876918,0.914150947,0.934106692,0.972413032,0.972413275,0.984942205,0.991912829,1
4,"$25,001-50,000",6+ person household,White alone,Females,0.498482256,0.195676501,0.051143612,0.16489714,0.01234123,0.020384319,2.76E-07,0.023122564,0.008691261,0.025260841,0.498482256,0.694158757,0.745302369,0.910199509,0.922540739,0.942925057,0.942925334,0.966047898,0.974739159,1
4,">$50,000",6+ person household,White alone,Females,0.222278334,0.565814152,0.069710127,0.048200974,0.005626862,0.009069038,1.97E-07,0.011227556,0.010434918,0.057637841,0.222278334,0.788092486,0.857802613,0.906003588,0.911630449,0.920699487,0.920699684,0.93192724,0.942362159,1
4,"<=$25,000",1-2 person household,Black or African American alone,Females,0.40263918,0.245034601,0.025898552,0.179281021,1.37E-05,1.75E-05,0.033030562,0.024432964,0.072527229,0.017124687,0.40263918,0.647673781,0.673572333,0.852853354,0.852867038,0.852884557,0.88591512,0.910348084,0.982875313,1
4,"$25,001-50,000",1-2 person household,Black or African American alone,Females,0.199113532,0.619444068,0.019939686,0.0460246,4.31E-06,4.75E-06,0.019165263,0.022974828,0.046075106,0.027253855,0.199113532,0.818557599,0.838497285,0.884521885,0.884526197,0.884530947,0.90369621,0.926671039,0.972746145,1
4,">$50,000",1-2 person household,Black or African American alone,Females,0.043039756,0.868278063,0.013174811,0.006521602,9.53E-07,1.02E-06,0.006615351,0.005407831,0.026816014,0.030144594,0.043039756,0.911317819,0.92449263,0.931014232,0.931015185,0.93101621,0.937631561,0.943039392,0.969855406,1
4,"<=$25,000",3-5 person household,Black or African American alone,Females,0.410383836,0.174092863,0.0219454,0.290674885,6.60E-06,1.91E-05,0.01914822,0.032858258,0.039653061,0.011217781,0.410383836,0.584476699,0.606422099,0.897096985,0.897103581,0.897122679,0.916270899,0.949129158,0.988782219,1
4,"$25,001-50,000",3-5 person household,Black or African American alone,Females,0.247605527,0.536958839,0.020614447,0.091043419,2.54E-06,6.32E-06,0.013555407,0.037696932,0.030734583,0.021781993,0.247605527,0.784564365,0.805178812,0.896222231,0.896224767,0.896231085,0.909786492,0.947483424,0.978218007,1
4,">$50,000",3-5 person household,Black or African American alone,Females,0.060256154,0.847363536,0.015334506,0.014523955,6.31E-07,1.53E-06,0.005267721,0.009989618,0.020138506,0.02712384,0.060256154,0.907619689,0.922954196,0.937478151,0.937478782,0.937480316,0.942748037,0.952737655,0.97287616,1
4,"<=$25,000",6+ person household,Black or African American alone,Females,0.482256035,0.053306742,0.007610232,0.400790783,7.39E-06,1.04E-05,3.70E-07,0.020658775,0.027736764,0.007622521,0.482256035,0.535562776,0.543173009,0.943963792,0.943971185,0.94398157,0.94398194,0.964640715,0.992377479,1
4,"$25,001-50,000",6+ person household,Black or African American alone,Females,0.448976199,0.253698399,0.011030664,0.193702103,4.39E-06,5.30E-06,4.04E-07,0.036571401,0.033172786,0.022838357,0.448976199,0.702674599,0.713705263,0.907407366,0.907411751,0.907417053,0.907417457,0.943988857,0.977161643,1
4,">$50,000",6+ person household,Black or African American alone,Females,0.179530319,0.657839451,0.013482585,0.050774317,1.79E-06,2.11E-06,2.58E-07,0.01592421,0.03571538,0.046729572,0.179530319,0.83736977,0.850852355,0.901626671,0.901628465,0.90163058,0.901630837,0.917555048,0.953270428,1
4,"<=$25,000",1-2 person household,Other,Females,0.395954637,0.123504268,0.073834642,0.138170175,0.030109212,0.099150732,0.020480926,0.027132992,0.062158831,0.029503586,0.395954637,0.519458905,0.593293546,0.731463722,0.761572933,0.860723665,0.881204591,0.908337583,0.970496414,1
4,"$25,001-50,000",1-2 person household,Other,Females,0.257454726,0.410513401,0.074743545,0.046638085,0.012474257,0.035346489,0.015624967,0.03354629,0.051920491,0.061737751,0.257454726,0.667968126,0.742711672,0.789349756,0.801824013,0.837170502,0.852795469,0.886341759,0.938262249,1
4,">$50,000",1-2 person household,Other,Females,0.068769203,0.711063142,0.061027259,0.008166371,0.003406969,0.009420132,0.006664711,0.00975752,0.037341414,0.084383279,0.068769203,0.779832345,0.840859604,0.849025975,0.852432944,0.861853076,0.868517787,0.878275307,0.915616721,1
4,"<=$25,000",3-5 person household,Other,Females,0.402693637,0.087556952,0.062428561,0.223533502,0.014481755,0.107853098,0.011847239,0.036410043,0.033910453,0.019284761,0.402693637,0.490250589,0.55267915,0.776212651,0.790694406,0.898547505,0.910394743,0.946804786,0.980715239,1
4,"$25,001-50,000",3-5 person household,Other,Females,0.304923252,0.338919341,0.073596504,0.087867721,0.006987098,0.044775797,0.010525603,0.052423781,0.032986017,0.046994886,0.304923252,0.643842593,0.717439097,0.805306818,0.812293916,0.857069713,0.867595316,0.920019097,0.953005114,1
4,">$50,000",3-5 person household,Other,Females,0.09410436,0.678271015,0.069427805,0.017776401,0.002204837,0.013787328,0.005187228,0.017617706,0.02740993,0.074213391,0.09410436,0.772375375,0.84180318,0.859579581,0.861784417,0.875571745,0.880758973,0.898376679,0.925786609,1
4,"<=$25,000",6+ person household,Other,Females,0.49064208,0.027796775,0.022446071,0.319562227,0.016829594,0.060808572,2.37E-07,0.023734704,0.024593212,0.013586529,0.49064208,0.518438855,0.540884925,0.860447152,0.877276746,0.938085317,0.938085554,0.961820259,0.986413471,1
4,"$25,001-50,000",6+ person household,Other,Females,0.491581049,0.142368755,0.035012954,0.166209844,0.010743946,0.033403353,2.79E-07,0.045217395,0.031653819,0.043808606,0.491581049,0.633949805,0.668962759,0.835172602,0.845916549,0.879319902,0.879320181,0.924537575,0.956191394,1
4,">$50,000",6+ person household,Other,Females,0.241714637,0.45395229,0.052625183,0.05357471,0.00540172,0.016387604,2.19E-07,0.024211136,0.041907599,0.110224902,0.241714637,0.695666927,0.74829211,0.80186682,0.807268539,0.823656144,0.823656363,0.847867499,0.889775098,1
5,"<=$25,000",1-2 person household,White alone,Males,0.281959329,0.170808989,0.149575707,0.077495308,0.05736243,0.071580371,0.04352096,0.031364795,0.089101142,0.02723097,0.281959329,0.452768318,0.602344025,0.679839333,0.737201763,0.808782133,0.852303093,0.883667888,0.97276903,1
5,"$25,001-50,000",1-2 person household,White alone,Males,0.149427006,0.471539251,0.117607174,0.01806476,0.027109748,0.015997937,0.050349805,0.019905921,0.068460645,0.061537753,0.149427006,0.620966257,0.738573431,0.756638191,0.783747939,0.799745876,0.850095681,0.870001603,0.938462247,1
5,">$50,000",1-2 person household,White alone,Males,0.043123404,0.703103066,0.100194038,0.00442099,0.007374531,0.005146991,0.03762599,0.008927273,0.021031752,0.069051966,0.043123404,0.74622647,0.846420508,0.850841498,0.858216029,0.86336302,0.90098901,0.909916283,0.930948034,1
5,"<=$25,000",3-5 person household,White alone,Males,0.360051869,0.095267397,0.08426499,0.14570069,0.085622456,0.095612614,0.025992529,0.023300183,0.06976245,0.014424822,0.360051869,0.455319266,0.539584256,0.685284946,0.770907402,0.866520016,0.892512545,0.915812728,0.985575178,1
5,"$25,001-50,000",3-5 person household,White alone,Males,0.25546549,0.352108062,0.088704259,0.045471882,0.054176403,0.028609468,0.040259874,0.019798109,0.071763561,0.043642893,0.25546549,0.607573551,0.69627781,0.741749692,0.795926095,0.824535564,0.864795437,0.884593546,0.956357107,1
5,">$50,000",3-5 person household,White alone,Males,0.089977878,0.640761899,0.092229977,0.013581567,0.017986169,0.011233595,0.036718262,0.010836269,0.02690655,0.059767834,0.089977878,0.730739777,0.822969754,0.836551321,0.85453749,0.865771085,0.902489348,0.913325617,0.940232166,1
5,"<=$25,000",6+ person household,White alone,Males,0.38312401,0.042466168,0.025036587,0.219635617,0.07333131,0.163834245,0.019726576,0.008166513,0.053391901,0.011287072,0.38312401,0.425590178,0.450626765,0.670262382,0.743593693,0.907427938,0.927154514,0.935321026,0.988712928,1
5,"$25,001-50,000",6+ person household,White alone,Males,0.364546811,0.210485172,0.035344284,0.091924411,0.06222411,0.065742473,0.040975319,0.009305673,0.073655368,0.04579638,0.364546811,0.575031983,0.610376267,0.702300678,0.764524788,0.830267261,0.87124258,0.880548252,0.95420362,1
5,">$50,000",6+ person household,White alone,Males,0.170083302,0.507396057,0.048680125,0.036369949,0.027364786,0.034194787,0.049503616,0.006746969,0.036581651,0.083078758,0.170083302,0.677479359,0.726159484,0.762529433,0.789894219,0.824089006,0.873592622,0.880339591,0.916921242,1
5,"<=$25,000",1-2 person household,Black or African American alone,Males,0.297798028,0.192691738,0.020661259,0.096471234,0.08895672,0.117259307,0.020542009,1.43E-06,0.123856105,0.041762174,0.297798028,0.490489766,0.511151025,0.607622258,0.696578978,0.813838285,0.834380294,0.834381721,0.958237826,1
5,"$25,001-50,000",1-2 person household,Black or African American alone,Males,0.1562492,0.526651807,0.016083586,0.022264245,0.041622682,0.025946019,0.023528574,8.97E-07,0.09421683,0.093436161,0.1562492,0.682901007,0.698984593,0.721248838,0.76287152,0.788817539,0.812346113,0.81234701,0.906563839,1
5,">$50,000",1-2 person household,Black or African American alone,Males,0.04418354,0.769455475,0.013426095,0.005338929,0.011094245,0.008179353,0.017228383,3.94E-07,0.028361012,0.102732574,0.04418354,0.813639016,0.827065111,0.83240404,0.843498285,0.851677637,0.86890602,0.868906415,0.897267426,1
5,"<=$25,000",3-5 person household,Black or African American alone,Males,0.345222466,0.097565281,0.010566752,0.164657935,0.120541762,0.142189394,0.0111376,9.63E-07,0.088034824,0.020083023,0.345222466,0.442787747,0.453354499,0.618012434,0.738554196,0.88074359,0.89188119,0.891882153,0.979916977,1
5,"$25,001-50,000",3-5 person household,Black or African American alone,Males,0.256365319,0.377415754,0.011642115,0.053784488,0.0798276,0.044530221,0.01805546,8.56E-07,0.09478286,0.063595328,0.256365319,0.633781073,0.645423187,0.699207675,0.779035275,0.823565496,0.841620956,0.841621812,0.936404672,1
5,">$50,000",3-5 person household,Black or African American alone,Males,0.091357781,0.694901902,0.012247354,0.016253495,0.026814168,0.017690765,0.016660999,4.74E-07,0.035955605,0.088117457,0.091357781,0.786259683,0.798507037,0.814760532,0.8415747,0.859265465,0.875926464,0.875926938,0.911882543,1
5,"<=$25,000",6+ person household,Black or African American alone,Males,0.333763277,0.039514753,0.002852559,0.225522059,0.093800358,0.221371596,0.007679978,3.07E-07,0.061217186,0.014277926,0.333763277,0.37327803,0.37613059,0.601652648,0.695453006,0.916824603,0.924504581,0.924504888,0.985722074,1
5,"$25,001-50,000",6+ person household,Black or African American alone,Males,0.33835108,0.20866653,0.004290361,0.100561605,0.084798628,0.094640785,0.01699596,3.72E-07,0.08997409,0.061720588,0.33835108,0.54701761,0.551307971,0.651869575,0.736668204,0.831308989,0.848304949,0.848305322,0.938279412,1
5,">$50,000",6+ person household,Black or African American alone,Males,0.162697582,0.51842213,0.006090199,0.041006168,0.038435041,0.050733796,0.021162426,2.78E-07,0.046055502,0.115396879,0.162697582,0.681119712,0.687209911,0.728216079,0.76665112,0.817384915,0.838547341,0.83854762,0.884603121,1
5,"<=$25,000",1-2 person household,Other,Males,0.343320354,0.123019907,0.096813556,0.075034911,0.042563736,0.075229418,0.044186873,0.047571614,0.112248872,0.040010759,0.343320354,0.466340261,0.563153817,0.638188728,0.680752464,0.755981882,0.800168755,0.847740369,0.959989241,1
5,"$25,001-50,000",1-2 person household,Other,Males,0.199923826,0.373168433,0.083643328,0.01921952,0.02210345,0.018474816,0.056171365,0.033174936,0.094768078,0.099352249,0.199923826,0.573092259,0.656735587,0.675955106,0.698058556,0.716533372,0.772704737,0.805879673,0.900647751,1
5,">$50,000",1-2 person household,Other,Males,0.064143304,0.618598522,0.079221343,0.00522917,0.006684544,0.006608036,0.046666793,0.016540531,0.032366771,0.123940987,0.064143304,0.682741826,0.761963169,0.767192339,0.773876883,0.780484919,0.827151712,0.843692243,0.876059013,1
5,"<=$25,000",3-5 person household,Other,Males,0.422574865,0.066135475,0.052571188,0.135980014,0.06123862,0.096857769,0.025437174,0.034063578,0.084712197,0.02042912,0.422574865,0.48871034,0.541281528,0.677261543,0.738500162,0.835357931,0.860795105,0.894858683,0.97957088,1
5,"$25,001-50,000",3-5 person household,Other,Males,0.323414616,0.263666504,0.059694443,0.045776777,0.041796189,0.03126208,0.042499276,0.031220758,0.093997653,0.066671703,0.323414616,0.58708112,0.646775563,0.69255234,0.734348529,0.765610609,0.808109885,0.839330644,0.933328297,1
5,">$50,000",3-5 person household,Other,Males,0.129736159,0.546479103,0.070690234,0.015572203,0.015803856,0.013980566,0.044145774,0.019462446,0.04013922,0.103990439,0.129736159,0.676215262,0.746905496,0.762477699,0.778281555,0.792262121,0.836407895,0.855870341,0.896009561,1
5,"<=$25,000",6+ person household,Other,Males,0.436465902,0.028615782,0.015161707,0.19897046,0.05090958,0.161100287,0.018738913,0.011588839,0.062932063,0.015516468,0.436465902,0.465081683,0.480243391,0.679213851,0.730123431,0.891223718,0.90996263,0.921551469,0.984483532,1
5,"$25,001-50,000",6+ person household,Other,Males,0.42745792,0.145986657,0.022030344,0.085712824,0.044462909,0.066537547,0.040063061,0.0135919,0.089357313,0.064799525,0.42745792,0.573444577,0.595474921,0.681187745,0.725650654,0.792188201,0.832251262,0.845843162,0.935200475,1
5,">$50,000",6+ person household,Other,Males,0.224095394,0.395430288,0.03409455,0.038105602,0.021971637,0.038887662,0.054386349,0.011073179,0.049867797,0.132087542,0.224095394,0.619525682,0.653620232,0.691725834,0.713697472,0.752585134,0.806971482,0.818044661,0.867912458,1
5,"<=$25,000",1-2 person household,White alone,Females,0.270796127,0.189768766,0.186564431,0.11608532,0.047384392,0.093105961,0.030018423,0.021321094,0.027705627,0.017249859,0.270796127,0.460564893,0.647129324,0.763214644,0.810599036,0.903704997,0.93372342,0.955044514,0.982750141,1
5,"$25,001-50,000",1-2 person household,White alone,Females,0.144540899,0.527639789,0.147743123,0.027254597,0.022554797,0.020958163,0.034977831,0.013628717,0.021440326,0.039261758,0.144540899,0.672180688,0.819923811,0.847178408,0.869733205,0.890691368,0.925669199,0.939297916,0.960738242,1
5,">$50,000",1-2 person household,White alone,Females,0.03947222,0.744484304,0.119105606,0.006311666,0.005805835,0.00638057,0.024734315,0.005783735,0.006232793,0.041688956,0.03947222,0.783956524,0.90306213,0.909373796,0.915179631,0.921560202,0.946294516,0.952078251,0.958311044,1
5,"<=$25,000",3-5 person household,White alone,Females,0.334204148,0.102293749,0.101579424,0.210937742,0.068357511,0.120195864,0.017327214,0.015307954,0.020965114,0.008831281,0.334204148,0.436497897,0.538077321,0.749015063,0.817372574,0.937568438,0.954895652,0.970203605,0.991168719,1
5,"$25,001-50,000",3-5 person household,White alone,Females,0.248217571,0.395762174,0.111932591,0.068911092,0.045275394,0.037647629,0.028093517,0.013615545,0.022575272,0.027969215,0.248217571,0.643979745,0.755912336,0.824823427,0.870098822,0.907746451,0.935839968,0.949455513,0.972030785,1
5,">$50,000",3-5 person household,White alone,Females,0.082926518,0.683144217,0.110393014,0.019523312,0.014257656,0.014021808,0.024303747,0.007068846,0.008028685,0.036332196,0.082926518,0.766070735,0.876463749,0.895987061,0.910244718,0.924266526,0.948570273,0.955639119,0.963667804,1
5,"<=$25,000",6+ person household,White alone,Females,0.336968716,0.043206722,0.028598098,0.30129984,0.055474252,0.19515625,0.012460497,0.00508391,0.015203877,0.006547839,0.336968716,0.380175438,0.408773536,0.710073376,0.765547628,0.960703878,0.973164374,0.978248285,0.993452161,1
5,"$25,001-50,000",6+ person household,White alone,Females,0.353950112,0.236411333,0.044567651,0.139208427,0.051963601,0.086449474,0.028572255,0.006395103,0.02315378,0.029328264,0.353950112,0.590361446,0.634929096,0.774137523,0.826101124,0.912550598,0.941122853,0.947517957,0.970671736,1
5,">$50,000",6+ person household,White alone,Females,0.161399424,0.556987467,0.059993444,0.053830561,0.022334907,0.043946852,0.033737326,0.004531689,0.011239121,0.051999211,0.161399424,0.718386891,0.778380334,0.832210895,0.854545802,0.898492654,0.93222998,0.936761668,0.948000789,1
5,"<=$25,000",1-2 person household,Black or African American alone,Females,0.293187626,0.21945473,0.026417542,0.148138373,0.075327642,0.156350296,0.014524466,9.95E-07,0.039479348,0.027118981,0.293187626,0.512642357,0.539059899,0.687198272,0.762525914,0.91887621,0.933400676,0.93340167,0.972881019,1
5,"$25,001-50,000",1-2 person household,Black or African American alone,Females,0.156083125,0.608582925,0.020865695,0.034689021,0.035761852,0.03510237,0.016879796,6.34E-07,0.030471608,0.061562974,0.156083125,0.76466605,0.785531745,0.820220766,0.855982618,0.891084988,0.907964784,0.907965418,0.938437026,1
5,">$50,000",1-2 person household,Black or African American alone,Females,0.041293468,0.831883234,0.016296051,0.007782532,0.00891806,0.010353027,0.011563753,2.61E-07,0.00858166,0.063327955,0.041293468,0.873176702,0.889472753,0.897255285,0.906173345,0.916526371,0.928090124,0.928090385,0.936672045,1
5,"<=$25,000",3-5 person household,Black or African American alone,Females,0.321248164,0.105025543,0.012770119,0.238984749,0.096478586,0.179199326,0.007443319,6.34E-07,0.026523134,0.012326425,0.321248164,0.426273707,0.439043826,0.678028574,0.774507161,0.953706487,0.961149806,0.961150441,0.987673575,1
5,"$25,001-50,000",3-5 person household,Black or African American alone,Females,0.254700034,0.433758289,0.015021504,0.083343683,0.068214169,0.059917287,0.012882843,6.02E-07,0.030487954,0.041673636,0.254700034,0.688458322,0.703479826,0.786823509,0.855037678,0.914954965,0.927837808,0.92783841,0.958326364,1
5,">$50,000",3-5 person household,Black or African American alone,Females,0.085763737,0.754639767,0.014931802,0.023798569,0.021650816,0.02249222,0.011232919,3.15E-07,0.010928322,0.054561533,0.085763737,0.840403504,0.855335306,0.879133875,0.900784691,0.923276911,0.93450983,0.934510145,0.945438467,1
5,"<=$25,000",6+ person household,Black or African American alone,Females,0.290185299,0.039742407,0.003220945,0.305824167,0.070144423,0.260667158,0.00479546,1.89E-07,0.01723213,0.008187823,0.290185299,0.329927705,0.333148651,0.638972817,0.70911724,0.969784398,0.974579858,0.974580047,0.991812177,1
5,"$25,001-50,000",6+ person household,Black or African American alone,Females,0.329997549,0.235425757,0.005434365,0.152975282,0.071135071,0.125011236,0.011904805,2.57E-07,0.028411185,0.039704493,0.329997549,0.565423306,0.570857671,0.723832953,0.794968024,0.91997926,0.931884065,0.931884322,0.960295507,1
5,">$50,000",6+ person household,Black or African American alone,Females,0.156099653,0.575390125,0.007588643,0.061364322,0.031717575,0.065924335,0.014582088,1.89E-07,0.014306424,0.073026646,0.156099653,0.731489778,0.739078421,0.800442743,0.832160318,0.898084653,0.912666741,0.91266693,0.926973354,1
5,"<=$25,000",1-2 person household,Other,Females,0.345035586,0.143020327,0.126360785,0.117617956,0.03679221,0.102395202,0.031892682,0.033839448,0.036523725,0.02652208,0.345035586,0.488055913,0.614416698,0.732034654,0.768826863,0.871222066,0.903114747,0.936954195,0.97347792,1
5,"$25,001-50,000",1-2 person household,Other,Females,0.205201998,0.443077771,0.111496218,0.03076844,0.019513217,0.025681757,0.041406206,0.024101172,0.031492551,0.067260669,0.205201998,0.648279769,0.759775988,0.790544428,0.810057645,0.835739402,0.877145607,0.901246779,0.932739331,1
5,">$50,000",1-2 person household,Other,Females,0.06150306,0.686139319,0.098650525,0.007820312,0.005512759,0.008581147,0.032135627,0.011225505,0.010047858,0.078383887,0.06150306,0.747642379,0.846292904,0.854113216,0.859625975,0.868207122,0.900342749,0.911568254,0.921616113,1
5,"<=$25,000",3-5 person household,Other,Females,0.403769127,0.073100771,0.065236259,0.202651792,0.050327648,0.125340515,0.017455477,0.023037256,0.026206205,0.01287495,0.403769127,0.476869898,0.542106156,0.744757948,0.795085596,0.920426111,0.937881589,0.960918845,0.98712505,1
5,"$25,001-50,000",3-5 person household,Other,Females,0.32911974,0.310389687,0.078893277,0.072658332,0.036583291,0.043086351,0.031060558,0.022487894,0.030969917,0.044750953,0.32911974,0.639509427,0.718402704,0.791061036,0.827644327,0.870730678,0.901791236,0.92427913,0.955249047,1
5,">$50,000",3-5 person household,Other,Females,0.125036034,0.609264322,0.088480054,0.023408314,0.013100534,0.01824847,0.030556015,0.01327647,0.012524829,0.066104956,0.125036034,0.734300356,0.82278041,0.846188725,0.859289259,0.877537729,0.908093745,0.921370215,0.933895044,1
5,"<=$25,000",6+ person household,Other,Females,0.391857249,0.02971948,0.017678177,0.278619871,0.039312338,0.195885119,0.01208246,0.00736425,0.018292719,0.009188336,0.391857249,0.421576729,0.439254906,0.717874777,0.757187115,0.953072234,0.965154694,0.972518944,0.990811664,1
5,"$25,001-50,000",6+ person household,Other,Females,0.428720449,0.16937606,0.028695508,0.13408264,0.038355752,0.090380592,0.028857479,0.009648772,0.029016142,0.042866607,0.428720449,0.598096509,0.626792017,0.760874657,0.799230409,0.889611,0.918468479,0.928117251,0.957133393,1
5,">$50,000",6+ person household,Other,Females,0.222544021,0.454266764,0.043972359,0.059022519,0.018767102,0.052302494,0.038788799,0.007783346,0.016033632,0.086518964,0.222544021,0.676810784,0.720783144,0.779805663,0.798572765,0.850875259,0.889664057,0.897447404,0.913481036,1
6,"<=$25,000",1-2 person household,White alone,Males,0.005975623,0.011651763,0.230879646,0.177427728,0.574065239,,,,,,0.005975623,0.017627387,0.248507033,0.425934761,1,1,1,1,1,1
6,"$25,001-50,000",1-2 person household,White alone,Males,0.001428426,0.010050364,0.172235594,0.075947533,0.740338083,,,,,,0.001428426,0.01147879,0.183714384,0.259661917,1,1,1,1,1,1
6,">$50,000",1-2 person household,White alone,Males,0.001203119,0.027005223,0.136677239,0.052617315,0.782497104,,,,,,0.001203119,0.028208341,0.16488558,0.217502896,1,1,1,1,1,1
6,"<=$25,000",3-5 person household,White alone,Males,0.04309234,0.012338204,0.287763264,0.310101295,0.346704897,,,,,,0.04309234,0.055430544,0.343193808,0.653295103,1,1,1,1,1,1
6,"$25,001-50,000",3-5 person household,White alone,Males,0.012631733,0.013050597,0.263245469,0.162773633,0.548298568,,,,,,0.012631733,0.02568233,0.288927799,0.451701432,1,1,1,1,1,1
6,">$50,000",3-5 person household,White alone,Males,0.011235974,0.037033391,0.220613112,0.119095731,0.612021792,,,,,,0.011235974,0.048269365,0.268882477,0.387978208,1,1,1,1,1,1
6,"<=$25,000",6+ person household,White alone,Males,0.104572179,0.01787504,0.3316831,0.360434971,0.185434709,,,,,,0.104572179,0.122447219,0.45413032,0.814565291,1,1,1,1,1,1
6,"$25,001-50,000",6+ person household,White alone,Males,0.036691589,0.022631479,0.363192098,0.226461767,0.351023066,,,,,,0.036691589,0.059323068,0.422515166,0.648976934,1,1,1,1,1,1
6,">$50,000",6+ person household,White alone,Males,0.034041709,0.066984309,0.317470841,0.172824005,0.408679136,,,,,,0.034041709,0.101026018,0.418496859,0.591320864,1,1,1,1,1,1
6,"<=$25,000",1-2 person household,Black or African American alone,Males,1.02E-06,0.020295145,0.147698229,0.429471565,0.402534037,,,,,,1.02485E-06,0.02029617,0.167994398,0.597465963,1,1,1,1,1,1
6,"$25,001-50,000",1-2 person household,Black or African American alone,Males,2.95E-07,0.021074905,0.132646534,0.221314545,0.624963722,,,,,,2.94931E-07,0.0210752,0.153721734,0.375036278,1,1,1,1,1,1
6,">$50,000",1-2 person household,Black or African American alone,Males,2.55E-07,0.058034124,0.10787505,0.157136394,0.676954177,,,,,,2.54579E-07,0.058034379,0.165909429,0.323045823,1,1,1,1,1,1
6,"<=$25,000",3-5 person household,Black or African American alone,Males,6.16E-06,0.017919315,0.153494898,0.625871905,0.20270772,,,,,,6.16237E-06,0.017925477,0.171420375,0.79729228,1,1,1,1,1,1
6,"$25,001-50,000",3-5 person household,Black or African American alone,Males,2.23E-06,0.02344425,0.173682489,0.406352065,0.396518962,,,,,,2.23433E-06,0.023446485,0.197128974,0.603481038,1,1,1,1,1,1
6,">$50,000",3-5 person household,Black or African American alone,Males,2.09E-06,0.069881559,0.152893693,0.31230413,0.46491853,,,,,,2.08765E-06,0.069883646,0.222777339,0.53508147,1,1,1,1,1,1
6,"<=$25,000",6+ person household,Black or African American alone,Males,1.44E-05,0.024991649,0.170317936,0.700305032,0.104370986,,,,,,1.4396E-05,0.025006045,0.195323981,0.895629014,1,1,1,1,1,1
6,"$25,001-50,000",6+ person household,Black or African American alone,Males,5.90E-06,0.036976844,0.217942758,0.514190713,0.230883782,,,,,,5.90285E-06,0.036982747,0.254925505,0.769116218,1,1,1,1,1,1
6,">$50,000",6+ person household,Black or African American alone,Males,5.70E-06,0.113865316,0.19820352,0.408258155,0.279667311,,,,,,5.69781E-06,0.113871014,0.312074534,0.720332689,1,1,1,1,1,1
6,"<=$25,000",1-2 person household,Other,Males,0.036094985,0.038692965,0.214272818,0.256227357,0.454711875,,,,,,0.036094985,0.07478795,0.289060768,0.545288125,1,1,1,1,1,1
6,"$25,001-50,000",1-2 person household,Other,Males,0.009608879,0.037168363,0.178014607,0.122143111,0.65306504,,,,,,0.009608879,0.046777242,0.224791849,0.34693496,1,1,1,1,1,1
6,">$50,000",1-2 person household,Other,Males,0.007902772,0.097520391,0.137938326,0.082630429,0.674008083,,,,,,0.007902772,0.105423162,0.243361488,0.325991917,1,1,1,1,1,1
6,"<=$25,000",3-5 person household,Other,Males,0.201656614,0.031742493,0.206902393,0.346941551,0.212756949,,,,,,0.201656614,0.233399107,0.440301501,0.787243051,1,1,1,1,1,1
6,"$25,001-50,000",3-5 person household,Other,Males,0.073840261,0.04194086,0.23643347,0.227486003,0.420299405,,,,,,0.073840261,0.115781122,0.352214592,0.579700595,1,1,1,1,1,1
6,">$50,000",3-5 person household,Other,Males,0.064492644,0.116861,0.194557746,0.163431577,0.460657033,,,,,,0.064492644,0.181353644,0.375911391,0.539342967,1,1,1,1,1,1
6,"<=$25,000",6+ person household,Other,Males,0.379091553,0.035624736,0.184743455,0.312388624,0.088151632,,,,,,0.379091553,0.41471629,0.599459744,0.911848368,1,1,1,1,1,1
6,"$25,001-50,000",6+ person household,Other,Males,0.178888335,0.06066038,0.272063112,0.263967667,0.224420507,,,,,,0.178888335,0.239548714,0.511611826,0.775579493,1,1,1,1,1,1
6,">$50,000",6+ person household,Other,Males,0.158662096,0.171637269,0.227343971,0.192577805,0.249778859,,,,,,0.158662096,0.330299365,0.557643335,0.750221141,1,1,1,1,1,1
6,"<=$25,000",1-2 person household,White alone,Females,0.003441313,0.008373133,0.234284649,0.20822497,0.545675936,,,,,,0.003441313,0.011814445,0.246099094,0.454324064,1,1,1,1,1,1
6,"$25,001-50,000",1-2 person household,White alone,Females,0.000843126,0.007402391,0.179132768,0.091352184,0.721269531,,,,,,0.000843126,0.008245518,0.187378286,0.278730469,1,1,1,1,1,1
6,">$50,000",1-2 person household,White alone,Females,0.000718485,0.020123922,0.143821209,0.064033694,0.771302689,,,,,,0.000718485,0.020842408,0.164663617,0.228697311,1,1,1,1,1,1
6,"<=$25,000",3-5 person household,White alone,Females,0.024349577,0.008699588,0.286512753,0.357079829,0.323358253,,,,,,0.024349577,0.033049165,0.319561918,0.676641747,1,1,1,1,1,1
6,"$25,001-50,000",3-5 person household,White alone,Females,0.00730379,0.0094161,0.268202907,0.191796097,0.523281107,,,,,,0.00730379,0.01671989,0.284922797,0.476718893,1,1,1,1,1,1
6,">$50,000",3-5 person household,White alone,Females,0.006613062,0.027198235,0.22879179,0.142842828,0.594554086,,,,,,0.006613062,0.033811297,0.262603087,0.405445914,1,1,1,1,1,1
6,"<=$25,000",6+ person household,White alone,Females,0.059690741,0.012731901,0.333604137,0.419264543,0.174708678,,,,,,0.059690741,0.072422642,0.406026779,0.825291322,1,1,1,1,1,1
6,"$25,001-50,000",6+ person household,White alone,Females,0.021017393,0.016176355,0.366577648,0.264348964,0.331879641,,,,,,0.021017393,0.037193747,0.403771395,0.668120359,1,1,1,1,1,1
6,">$50,000",6+ person household,White alone,Females,0.019980291,0.049059028,0.328330759,0.206711635,0.395918286,,,,,,0.019980291,0.069039319,0.397370078,0.604081714,1,1,1,1,1,1
6,"<=$25,000",1-2 person household,Black or African American alone,Females,5.62E-07,0.013875279,0.142589228,0.479511444,0.364023488,,,,,,5.61508E-07,0.01387584,0.156465068,0.635976512,1,1,1,1,1,1
6,"$25,001-50,000",1-2 person household,Black or African American alone,Females,1.69E-07,0.015091403,0.134128715,0.258814705,0.591965007,,,,,,1.6925E-07,0.015091573,0.149220288,0.408034993,1,1,1,1,1,1
6,">$50,000",1-2 person household,Black or African American alone,Females,1.50E-07,0.042596222,0.111807393,0.188355985,0.65724025,,,,,,1.49746E-07,0.042596371,0.154403765,0.34275975,1,1,1,1,1,1
6,"<=$25,000",3-5 person household,Black or African American alone,Females,3.24E-06,0.011750983,0.142137475,0.670275336,0.175832968,,,,,,3.23851E-06,0.011754221,0.153891696,0.824167032,1,1,1,1,1,1
6,"$25,001-50,000",3-5 person household,Black or African American alone,Females,1.23E-06,0.016092837,0.168350398,0.455526572,0.360028965,,,,,,1.2291E-06,0.016094066,0.184444464,0.639971035,1,1,1,1,1,1
6,">$50,000",3-5 person household,Black or African American alone,Females,1.19E-06,0.049534011,0.153035556,0.361521087,0.43590816,,,,,,1.18589E-06,0.049535196,0.202570753,0.56409184,1,1,1,1,1,1
6,"<=$25,000",6+ person household,Black or African American alone,Females,7.46E-06,0.016152431,0.155440868,0.739171487,0.089227759,,,,,,7.45641E-06,0.016159887,0.171600755,0.910772241,1,1,1,1,1,1
6,"$25,001-50,000",6+ person household,Black or African American alone,Females,3.18E-06,0.024818901,0.206565132,0.563627185,0.204985607,,,,,,3.17511E-06,0.024822076,0.231387209,0.795014393,1,1,1,1,1,1
6,">$50,000",6+ person household,Black or African American alone,Females,3.19E-06,0.07960327,0.195664789,0.466110962,0.258617787,,,,,,3.19221E-06,0.079606462,0.275271252,0.741382213,1,1,1,1,1,1
6,"<=$25,000",1-2 person household,Other,Females,0.020808607,0.027834508,0.217660933,0.301017699,0.432678254,,,,,,0.020808607,0.048643114,0.266304047,0.567321746,1,1,1,1,1,1
6,"$25,001-50,000",1-2 person household,Other,Females,0.005663966,0.027338627,0.184893131,0.1467193,0.635384976,,,,,,0.005663966,0.033002593,0.217895724,0.364615024,1,1,1,1,1,1
6,">$50,000",1-2 person household,Other,Females,0.004779342,0.073593506,0.146991044,0.101835468,0.672800641,,,,,,0.004779342,0.078372847,0.225363891,0.327199359,1,1,1,1,1,1
6,"<=$25,000",3-5 person household,Other,Females,0.121186524,0.023803361,0.219091053,0.424882235,0.211036827,,,,,,0.121186524,0.144989886,0.364080938,0.788963173,1,1,1,1,1,1
6,"$25,001-50,000",3-5 person household,Other,Females,0.043433049,0.03078363,0.245049214,0.272679299,0.408054809,,,,,,0.043433049,0.074216678,0.319265892,0.591945191,1,1,1,1,1,1
6,">$50,000",3-5 person household,Other,Females,0.039168894,0.088563778,0.208207767,0.202272807,0.461786755,,,,,,0.039168894,0.127732672,0.335940438,0.538213245,1,1,1,1,1,1
6,"<=$25,000",6+ person household,Other,Females,0.247582905,0.029032445,0.212599812,0.415759475,0.095025364,,,,,,0.247582905,0.276615349,0.489215161,0.904974636,1,1,1,1,1,1
6,"$25,001-50,000",6+ person household,Other,Females,0.108924508,0.046089725,0.291897596,0.327540284,0.225547887,,,,,,0.108924508,0.155014233,0.446911829,0.774452113,1,1,1,1,1,1
6,">$50,000",6+ person household,Other,Females,0.100537015,0.135712484,0.253836174,0.248673459,0.261240867,,,,,,0.100537015,0.2362495,0.490085673,0.738759133,1,1,1,1,1,1
