AGE_CAT,HI_CAT,HS_CAT,RACE_CAT,SEX_CAT,P1,P2,P3,P4,P5,P6,P7,P8,P9,P10,P11,P12,CP1,CP2,CP3,CP4,CP5,CP6,CP7,CP8,CP9,CP10,CP11,CP12
1,1,1,1,1,0.26904,0.2648,0.11621,0.22643,0,0,0,0.02673,0.04849,0.03927,0.00903,0,0.26904,0.53384,0.65005,0.87648,0.87648,0.87648,0.87648,0.90321,0.9517,0.99097,1,1
1,1,1,1,2,0.20437,0.29203,0.16528,0.23295,0,0,0,0.02368,0.05162,0.02771,0.00237,0,0.20437,0.4964,0.66168,0.89463,0.89463,0.89463,0.89463,0.91831,0.96993,0.99764,1,1
1,1,1,2,1,0.26106,0.12658,0.03787,0.46424,0,0,0,0.05526,0.02571,0.01474,0.01454,0,0.26106,0.38764,0.42551,0.88975,0.88975,0.88975,0.88975,0.94501,0.97072,0.98546,1,1
1,1,1,2,2,0.20659,0.14543,0.05611,0.49756,0,0,0,0.05098,0.02851,0.01084,0.00397,0,0.20659,0.35202,0.40813,0.90569,0.90569,0.90569,0.90569,0.95667,0.98518,0.99602,1,1
1,1,1,3,1,0.31254,0.18538,0.04981,0.30549,0,0,0,0.03947,0.06975,0.0283,0.00927,0,0.31254,0.49792,0.54773,0.85322,0.85322,0.85322,0.85322,0.89269,0.96244,0.99074,1,1
1,1,1,3,2,0.24767,0.21328,0.07391,0.32787,0,0,0,0.03647,0.07746,0.02083,0.00253,0,0.24767,0.46095,0.53486,0.86273,0.86273,0.86273,0.86273,0.8992,0.97666,0.99749,1,1
1,1,2,1,1,0.16573,0.12946,0.06396,0.54947,0,0,0,0.03,0.03962,0.01399,0.00776,0,0.16573,0.29519,0.35915,0.90862,0.90862,0.90862,0.90862,0.93862,0.97824,0.99223,1,1
1,1,2,1,2,0.14432,0.13258,0.06401,0.57527,0,0,0,0.02523,0.0382,0.01437,0.00602,0,0.14432,0.2769,0.34091,0.91618,0.91618,0.91618,0.91618,0.94141,0.97961,0.99398,1,1
1,1,2,2,1,0.11998,0.04624,0.00987,0.74589,0,0,0,0.03923,0.02132,0.00612,0.01136,0,0.11998,0.16622,0.17609,0.92198,0.92198,0.92198,0.92198,0.96121,0.98253,0.98865,1,1
1,1,2,2,2,0.10331,0.04683,0.00976,0.77221,0,0,0,0.03264,0.02032,0.00621,0.00872,0,0.10331,0.15014,0.1599,0.93211,0.93211,0.93211,0.93211,0.96475,0.98507,0.99128,1,1
1,1,2,3,1,0.22294,0.06504,0.01331,0.61292,0,0,0,0.03368,0.03584,0.00384,0.01244,0,0.22294,0.28798,0.30129,0.91421,0.91421,0.91421,0.91421,0.94789,0.98373,0.98757,1,1
1,1,2,3,2,0.19566,0.06713,0.01342,0.64672,0,0,0,0.02855,0.03482,0.00397,0.00973,0,0.19566,0.26279,0.27621,0.92293,0.92293,0.92293,0.92293,0.95148,0.9863,0.99027,1,1
1,1,3,1,1,0.1631,0.04432,0.02301,0.73614,0,0,0,0.01694,0.00292,0.00814,0.00542,0,0.1631,0.20742,0.23043,0.96657,0.96657,0.96657,0.96657,0.98351,0.98643,0.99457,1,1
1,1,3,1,2,0.16624,0.04239,0.02846,0.72888,0,0,0,0.0191,0.00266,0.00621,0.00607,0,0.16624,0.20863,0.23709,0.96597,0.96597,0.96597,0.96597,0.98507,0.98773,0.99394,1,1
1,1,3,2,1,0.09443,0.0201,0.0036,0.82741,0,0,0,0.04237,0.00221,0.00323,0.00664,0,0.09443,0.11453,0.11813,0.94554,0.94554,0.94554,0.94554,0.98791,0.99012,0.99335,1,1
1,1,3,2,2,0.09636,0.01925,0.00446,0.82019,0,0,0,0.04781,0.00201,0.00247,0.00744,0,0.09636,0.11561,0.12007,0.94026,0.94026,0.94026,0.94026,0.98807,0.99008,0.99255,1,1
1,1,3,3,1,0.23741,0.01797,0.00564,0.70156,0,0,0,0.01737,0.00137,0.0025,0.01617,0,0.23741,0.25538,0.26102,0.96258,0.96258,0.96258,0.96258,0.97995,0.98132,0.98382,1,1
1,1,3,3,2,0.24159,0.01716,0.00696,0.69351,0,0,0,0.01955,0.00124,0.00191,0.01808,0,0.24159,0.25875,0.26571,0.95922,0.95922,0.95922,0.95922,0.97877,0.98001,0.98192,1,1
1,2,1,1,1,0.21547,0.44489,0.08087,0.06241,0,0,0,0.02512,0.1188,0.04811,0.00432,0,0.21547,0.66036,0.74123,0.80364,0.80364,0.80364,0.80364,0.82876,0.94756,0.99567,1,1
1,2,1,1,2,0.16089,0.48228,0.11306,0.06311,0,0,0,0.02187,0.12431,0.03336,0.00111,0,0.16089,0.64317,0.75623,0.81934,0.81934,0.81934,0.81934,0.84121,0.96552,0.99888,1,1
1,2,1,2,1,0.24049,0.38677,0.06728,0.12619,0,0,0,0.03035,0.0839,0.05589,0.00914,0,0.24049,0.62726,0.69454,0.82073,0.82073,0.82073,0.82073,0.85108,0.93498,0.99087,1,1
1,2,1,2,2,0.18401,0.42966,0.09639,0.13077,0,0,0,0.02708,0.08996,0.03972,0.00241,0,0.18401,0.61367,0.71006,0.84083,0.84083,0.84083,0.84083,0.86791,0.95787,0.99759,1,1
1,2,1,3,1,0.21499,0.31367,0.0636,0.08993,0,0,0,0.02418,0.20316,0.08951,0.00096,0,0.21499,0.52866,0.59226,0.68219,0.68219,0.68219,0.68219,0.70637,0.90953,0.99904,1,1
1,2,1,3,2,0.16441,0.34826,0.09106,0.09315,0,0,0,0.02156,0.21773,0.06357,0.00025,0,0.16441,0.51267,0.60373,0.69688,0.69688,0.69688,0.69688,0.71844,0.93617,0.99974,1,1
1,2,2,1,1,0.17804,0.32422,0.07384,0.29964,0,0,0,0.04107,0.05902,0.0184,0.00577,0,0.17804,0.50226,0.5761,0.87574,0.87574,0.87574,0.87574,0.91681,0.97583,0.99423,1,1
1,2,2,1,2,0.15669,0.33555,0.07468,0.31703,0,0,0,0.03491,0.05751,0.0191,0.00453,0,0.15669,0.49224,0.56692,0.88395,0.88395,0.88395,0.88395,0.91886,0.97637,0.99547,1,1
1,2,2,2,1,0.16495,0.23432,0.03235,0.44635,0,0,0,0.03493,0.04707,0.02769,0.01233,0,0.16495,0.39927,0.43162,0.87797,0.87797,0.87797,0.87797,0.9129,0.95997,0.98766,1,1
1,2,2,2,2,0.14421,0.24092,0.0325,0.46916,0,0,0,0.0295,0.04555,0.02854,0.00961,0,0.14421,0.38513,0.41763,0.88679,0.88679,0.88679,0.88679,0.91629,0.96184,0.99038,1,1
1,2,2,3,1,0.23823,0.18996,0.03264,0.41345,0,0,0,0.03481,0.07351,0.01508,0.00233,0,0.23823,0.42819,0.46083,0.87428,0.87428,0.87428,0.87428,0.90909,0.9826,0.99768,1,1
1,2,2,3,2,0.21062,0.19751,0.03316,0.43947,0,0,0,0.02972,0.07195,0.01572,0.00183,0,0.21062,0.40813,0.44129,0.88076,0.88076,0.88076,0.88076,0.91048,0.98243,0.99815,1,1
1,2,3,1,1,0.21082,0.1385,0.02563,0.52759,0,0,0,0.03977,0.03366,0.01139,0.01265,0,0.21082,0.34932,0.37495,0.90254,0.90254,0.90254,0.90254,0.94231,0.97597,0.98736,1,1
1,2,3,1,2,0.21495,0.13251,0.0317,0.52255,0,0,0,0.04484,0.0306,0.00869,0.01416,0,0.21495,0.34746,0.37916,0.90171,0.90171,0.90171,0.90171,0.94655,0.97715,0.98584,1,1
1,2,3,2,1,0.14384,0.11706,0.0105,0.59921,0,0,0,0.05956,0.0347,0.01432,0.02081,0,0.14384,0.2609,0.2714,0.87061,0.87061,0.87061,0.87061,0.93017,0.96487,0.97919,1,1
1,2,3,2,2,0.14694,0.11221,0.01301,0.59464,0,0,0,0.06729,0.03161,0.01095,0.02335,0,0.14694,0.25915,0.27216,0.8668,0.8668,0.8668,0.8668,0.93409,0.9657,0.97665,1,1
1,2,3,3,1,0.28302,0.06074,0.01237,0.57669,0,0,0,0.02853,0.02014,0.00971,0.00879,0,0.28302,0.34376,0.35613,0.93282,0.93282,0.93282,0.93282,0.96135,0.98149,0.9912,1,1
1,2,3,3,2,0.2883,0.05806,0.01529,0.57067,0,0,0,0.03215,0.0183,0.0074,0.00983,0,0.2883,0.34636,0.36165,0.93232,0.93232,0.93232,0.93232,0.96447,0.98277,0.99017,1,1
1,3,1,1,1,0.12012,0.63905,0.07011,0.01758,0,0,0,0.0082,0.09691,0.04803,0,0,0.12012,0.75917,0.82928,0.84686,0.84686,0.84686,0.84686,0.85506,0.95197,1,1,1
1,3,1,1,2,0.08623,0.66605,0.09424,0.01709,0,0,0,0.00686,0.09749,0.03202,0,0,0.08623,0.75228,0.84652,0.86361,0.86361,0.86361,0.86361,0.87047,0.96796,0.99998,1,1
1,3,1,2,1,0.22346,0.49766,0.04968,0.05745,0,0,0,0.01847,0.10437,0.04891,0,0,0.22346,0.72112,0.7708,0.82825,0.82825,0.82825,0.82825,0.84672,0.95109,1,1,1
1,3,1,2,2,0.16801,0.54323,0.06994,0.0585,0,0,0,0.01619,0.10997,0.03415,0,0,0.16801,0.71124,0.78118,0.83968,0.83968,0.83968,0.83968,0.85587,0.96584,0.99999,1,1
1,3,1,3,1,0.13336,0.51236,0.06284,0.02492,0,0,0,0.01123,0.16637,0.08893,0,0,0.13336,0.64572,0.70856,0.73348,0.73348,0.73348,0.73348,0.74471,0.91108,1.00001,1,1
1,3,1,3,2,0.09824,0.54799,0.08668,0.02486,0,0,0,0.00964,0.17175,0.06084,0,0,0.09824,0.64623,0.73291,0.75777,0.75777,0.75777,0.75777,0.76741,0.93916,1,1,1
1,3,2,1,1,0.06497,0.68963,0.10096,0.05232,0,0,0,0.01837,0.0403,0.03047,0.00297,0,0.06497,0.7546,0.85556,0.90788,0.90788,0.90788,0.90788,0.92625,0.96655,0.99702,1,1
1,3,2,1,2,0.05621,0.70165,0.10039,0.05442,0,0,0,0.01536,0.0386,0.03108,0.00229,0,0.05621,0.75786,0.85825,0.91267,0.91267,0.91267,0.91267,0.92803,0.96663,0.99771,1,1
1,3,2,2,1,0.12058,0.53654,0.04528,0.1514,0,0,0,0.03501,0.0589,0.04828,0.00401,0,0.12058,0.65712,0.7024,0.8538,0.8538,0.8538,0.8538,0.88881,0.94771,0.99599,1,1
1,3,2,2,2,0.1053,0.55101,0.04544,0.15895,0,0,0,0.02953,0.05694,0.04971,0.00312,0,0.1053,0.65631,0.70175,0.8607,0.8607,0.8607,0.8607,0.89023,0.94717,0.99688,1,1
1,3,2,3,1,0.1246,0.5919,0.06552,0.09148,0,0,0,0.02853,0.0649,0.03201,0.00106,0,0.1246,0.7165,0.78202,0.8735,0.8735,0.8735,0.8735,0.90203,0.96693,0.99894,1,1
1,3,2,3,2,0.10891,0.60843,0.06581,0.09613,0,0,0,0.02409,0.06281,0.03299,0.00083,0,0.10891,0.71734,0.78315,0.87928,0.87928,0.87928,0.87928,0.90337,0.96618,0.99917,1,1
1,3,3,1,1,0.11849,0.50005,0.07961,0.23013,0,0,0,0.01421,0.02827,0.0205,0.00874,0,0.11849,0.61854,0.69815,0.92828,0.92828,0.92828,0.92828,0.94249,0.97076,0.99126,1,1
1,3,3,1,2,0.12169,0.48189,0.09918,0.22959,0,0,0,0.01614,0.02589,0.01576,0.00986,0,0.12169,0.60358,0.70276,0.93235,0.93235,0.93235,0.93235,0.94849,0.97438,0.99014,1,1
1,3,3,2,1,0.12502,0.35125,0.02576,0.39195,0,0,0,0.03682,0.04123,0.02096,0.007,0,0.12502,0.47627,0.50203,0.89398,0.89398,0.89398,0.89398,0.9308,0.97203,0.99299,1,1
1,3,3,2,2,0.12922,0.34068,0.0323,0.39355,0,0,0,0.04209,0.038,0.01621,0.00795,0,0.12922,0.4699,0.5022,0.89575,0.89575,0.89575,0.89575,0.93784,0.97584,0.99205,1,1
1,3,3,3,1,0.22966,0.32362,0.05682,0.32106,0,0,0,0.01882,0.02204,0.02256,0.00541,0,0.22966,0.55328,0.6101,0.93116,0.93116,0.93116,0.93116,0.94998,0.97202,0.99458,1,1
1,3,3,3,2,0.23496,0.31068,0.07052,0.31909,0,0,0,0.0213,0.02011,0.01727,0.00608,0,0.23496,0.54564,0.61616,0.93525,0.93525,0.93525,0.93525,0.95655,0.97666,0.99393,1,1
2,1,1,1,1,0.48535,0.20188,0.15853,0.04682,0,0,0,0.00438,0.03365,0.02535,0.04404,0,0.48535,0.68723,0.84576,0.89258,0.89258,0.89258,0.89258,0.89696,0.93061,0.95596,1,1
2,1,1,1,2,0.36864,0.25612,0.15826,0.10763,0,0,0,0.00623,0.0308,0.02538,0.04695,0,0.36864,0.62476,0.78302,0.89065,0.89065,0.89065,0.89065,0.89688,0.92768,0.95306,1,1
2,1,1,2,1,0.54694,0.20997,0.03917,0.12614,0,0,0,0.01666,0.01968,0.01208,0.02936,0,0.54694,0.75691,0.79608,0.92222,0.92222,0.92222,0.92222,0.93888,0.95856,0.97064,1,1
2,1,1,2,2,0.37905,0.24306,0.03568,0.26457,0,0,0,0.02161,0.01644,0.01103,0.02856,0,0.37905,0.62211,0.65779,0.92236,0.92236,0.92236,0.92236,0.94397,0.96041,0.97144,1,1
2,1,1,3,1,0.55575,0.16792,0.08746,0.08011,0,0,0,0.01841,0.05279,0.02398,0.0136,0,0.55575,0.72367,0.81113,0.89124,0.89124,0.89124,0.89124,0.90965,0.96244,0.98642,1,1
2,1,1,3,2,0.414,0.20894,0.08563,0.1806,0,0,0,0.02567,0.04739,0.02354,0.01422,0,0.414,0.62294,0.70857,0.88917,0.88917,0.88917,0.88917,0.91484,0.96223,0.98577,1,1
2,1,2,1,1,0.59781,0.10684,0.02699,0.183,0,0,0,0.01695,0.03279,0.01216,0.02346,0,0.59781,0.70465,0.73164,0.91464,0.91464,0.91464,0.91464,0.93159,0.96438,0.97654,1,1
2,1,2,1,2,0.40236,0.12011,0.02388,0.37276,0,0,0,0.02135,0.0266,0.01079,0.02216,0,0.40236,0.52247,0.54635,0.91911,0.91911,0.91911,0.91911,0.94046,0.96706,0.97785,1,1
2,1,2,2,1,0.54875,0.11748,0.00644,0.25981,0,0,0,0.0295,0.02345,0.00586,0.00871,0,0.54875,0.66623,0.67267,0.93248,0.93248,0.93248,0.93248,0.96198,0.98543,0.99129,1,1
2,1,2,2,2,0.33396,0.11942,0.00515,0.47853,0,0,0,0.0336,0.0172,0.0047,0.00744,0,0.33396,0.45338,0.45853,0.93706,0.93706,0.93706,0.93706,0.97066,0.98786,0.99256,1,1
2,1,2,3,1,0.78771,0.05679,0.01825,0.07918,0,0,0,0.00879,0.03922,0.00557,0.00449,0,0.78771,0.8445,0.86275,0.94193,0.94193,0.94193,0.94193,0.95072,0.98994,0.99551,1,1
2,1,2,3,2,0.64379,0.07752,0.01961,0.19585,0,0,0,0.01344,0.03863,0.006,0.00515,0,0.64379,0.72131,0.74092,0.93677,0.93677,0.93677,0.93677,0.95021,0.98884,0.99484,1,1
2,1,3,1,1,0.73733,0.01891,0.01835,0.18818,0,0,0,0.01476,0.0036,0.00885,0.01003,0,0.73733,0.75624,0.77459,0.96277,0.96277,0.96277,0.96277,0.97753,0.98113,0.98998,1,1
2,1,3,1,2,0.51916,0.02224,0.01698,0.401,0,0,0,0.01945,0.00305,0.00821,0.00991,0,0.51916,0.5414,0.55838,0.95938,0.95938,0.95938,0.95938,0.97883,0.98188,0.99009,1,1
2,1,3,2,1,0.59905,0.0329,0.00645,0.29808,0,0,0,0.03894,0.01131,0.00767,0.0056,0,0.59905,0.63195,0.6384,0.93648,0.93648,0.93648,0.93648,0.97542,0.98673,0.9944,1,1
2,1,3,2,2,0.35891,0.03293,0.00508,0.5405,0,0,0,0.04366,0.00817,0.00605,0.00471,0,0.35891,0.39184,0.39692,0.93742,0.93742,0.93742,0.93742,0.98108,0.98925,0.9953,1,1
2,1,3,3,1,0.86987,0.01549,0.0144,0.08779,0,0,0,0.00582,0.00663,0,0,0,0.86987,0.88536,0.89976,0.98755,0.98755,0.98755,0.98755,0.99337,1,1,1,1
2,1,3,3,2,0.72534,0.02157,0.01578,0.22156,0,0,0,0.00908,0.00666,0,0,0,0.72534,0.74691,0.76269,0.98425,0.98425,0.98425,0.98425,0.99333,0.99999,0.99999,1,1
2,2,1,1,1,0.24366,0.52299,0.11142,0.00669,0,0,0,0.00407,0.05691,0.04797,0.00629,0,0.24366,0.76665,0.87807,0.88476,0.88476,0.88476,0.88476,0.88883,0.94574,0.99371,1,1
2,2,1,1,2,0.17013,0.60996,0.10225,0.01413,0,0,0,0.00532,0.0479,0.04415,0.00616,0,0.17013,0.78009,0.88234,0.89647,0.89647,0.89647,0.89647,0.90179,0.94969,0.99384,1,1
2,2,1,2,1,0.29683,0.49388,0.05604,0.02382,0,0,0,0.00815,0.04204,0.05698,0.02226,0,0.29683,0.79071,0.84675,0.87057,0.87057,0.87057,0.87057,0.87872,0.92076,0.97774,1,1
2,2,1,2,2,0.20616,0.57296,0.05116,0.05007,0,0,0,0.01059,0.03519,0.05217,0.0217,0,0.20616,0.77912,0.83028,0.88035,0.88035,0.88035,0.88035,0.89094,0.92613,0.9783,1,1
2,2,1,3,1,0.2745,0.5444,0.03941,0.01478,0,0,0,0.00989,0.04542,0.06307,0.00853,0,0.2745,0.8189,0.85831,0.87309,0.87309,0.87309,0.87309,0.88298,0.9284,0.99147,1,1
2,2,1,3,2,0.18948,0.62768,0.03576,0.03087,0,0,0,0.01277,0.03779,0.05738,0.00827,0,0.18948,0.81716,0.85292,0.88379,0.88379,0.88379,0.88379,0.89656,0.93435,0.99173,1,1
2,2,2,1,1,0.41274,0.32338,0.05345,0.05069,0,0,0,0.0159,0.08616,0.04264,0.01503,0,0.41274,0.73612,0.78957,0.84026,0.84026,0.84026,0.84026,0.85616,0.94232,0.98496,1,1
2,2,2,1,2,0.29748,0.3893,0.05063,0.11058,0,0,0,0.02144,0.07485,0.04051,0.01521,0,0.29748,0.68678,0.73741,0.84799,0.84799,0.84799,0.84799,0.86943,0.94428,0.98479,1,1
2,2,2,2,1,0.39889,0.31441,0.02529,0.09265,0,0,0,0.0142,0.07579,0.04991,0.02885,0,0.39889,0.7133,0.73859,0.83124,0.83124,0.83124,0.83124,0.84544,0.92123,0.97114,1,1
2,2,2,2,2,0.27286,0.35924,0.02274,0.19181,0,0,0,0.01818,0.06248,0.045,0.0277,0,0.27286,0.6321,0.65484,0.84665,0.84665,0.84665,0.84665,0.86483,0.92731,0.97231,1,1
2,2,2,3,1,0.59541,0.23934,0.02579,0.03152,0,0,0,0.00531,0.05834,0.03022,0.01408,0,0.59541,0.83475,0.86054,0.89206,0.89206,0.89206,0.89206,0.89737,0.95571,0.98593,1,1
2,2,2,3,2,0.47094,0.3162,0.02681,0.07545,0,0,0,0.00785,0.05561,0.03151,0.01563,0,0.47094,0.78714,0.81395,0.8894,0.8894,0.8894,0.8894,0.89725,0.95286,0.98437,1,1
2,2,3,1,1,0.60044,0.17872,0.03465,0.09523,0,0,0,0.03818,0.01758,0.02767,0.00753,0,0.60044,0.77916,0.81381,0.90904,0.90904,0.90904,0.90904,0.94722,0.9648,0.99247,1,1
2,2,3,1,2,0.43752,0.21752,0.03318,0.21,0,0,0,0.05206,0.01544,0.02658,0.0077,0,0.43752,0.65504,0.68822,0.89822,0.89822,0.89822,0.89822,0.95028,0.96572,0.9923,1,1
2,2,3,2,1,0.42567,0.22792,0.02,0.16094,0,0,0,0.04285,0.05636,0.04825,0.01801,0,0.42567,0.65359,0.67359,0.83453,0.83453,0.83453,0.83453,0.87738,0.93374,0.98199,1,1
2,2,3,2,2,0.27344,0.24455,0.01689,0.31288,0,0,0,0.05151,0.04363,0.04085,0.01624,0,0.27344,0.51799,0.53488,0.84776,0.84776,0.84776,0.84776,0.89927,0.9429,0.98375,1,1
2,2,3,3,1,0.71106,0.18691,0.01779,0.05854,0,0,0,0.00889,0.01681,0,0,0,0.71106,0.89797,0.91576,0.9743,0.9743,0.9743,0.9743,0.98319,1,1,1,1
2,2,3,3,2,0.56402,0.24764,0.01855,0.14053,0,0,0,0.01319,0.01607,0,0,0,0.56402,0.81166,0.83021,0.97074,0.97074,0.97074,0.97074,0.98393,1,1,1,1
2,3,1,1,1,0.09539,0.71308,0.08586,0.00104,0,0,0,0.00033,0.05167,0.05217,0.00046,0,0.09539,0.80847,0.89433,0.89537,0.89537,0.89537,0.89537,0.8957,0.94737,0.99954,1,1
2,3,1,1,2,0.06215,0.77607,0.07353,0.00205,0,0,0,0.0004,0.04057,0.0448,0.00042,0,0.06215,0.83822,0.91175,0.9138,0.9138,0.9138,0.9138,0.9142,0.95477,0.99957,1,1
2,3,1,2,1,0.19839,0.64822,0.05517,0.00485,0,0,0,0.00132,0.0378,0.05293,0.00131,0,0.19839,0.84661,0.90178,0.90663,0.90663,0.90663,0.90663,0.90795,0.94575,0.99868,1,1
2,3,1,2,2,0.13333,0.72767,0.04873,0.00986,0,0,0,0.00166,0.03062,0.04689,0.00124,0,0.13333,0.861,0.90973,0.91959,0.91959,0.91959,0.91959,0.92125,0.95187,0.99876,1,1
2,3,1,3,1,0.12053,0.72625,0.0393,0.00181,0,0,0,0.00118,0.0536,0.05664,0.00069,0,0.12053,0.84678,0.88608,0.88789,0.88789,0.88789,0.88789,0.88907,0.94267,0.99931,1,1
2,3,1,3,2,0.07861,0.79122,0.03369,0.00357,0,0,0,0.00145,0.04214,0.04869,0.00063,0,0.07861,0.86983,0.90352,0.90709,0.90709,0.90709,0.90709,0.90854,0.95068,0.99937,1,1
2,3,2,1,1,0.15184,0.62669,0.0788,0.01476,0,0,0,0.01002,0.058,0.05306,0.00683,0,0.15184,0.77853,0.85733,0.87209,0.87209,0.87209,0.87209,0.88211,0.94011,0.99317,1,1
2,3,2,1,2,0.10022,0.69093,0.06836,0.02948,0,0,0,0.01237,0.04614,0.04616,0.00633,0,0.10022,0.79115,0.85951,0.88899,0.88899,0.88899,0.88899,0.90136,0.9475,0.99366,1,1
2,3,2,2,1,0.2381,0.55744,0.04527,0.03349,0,0,0,0.01728,0.04802,0.05042,0.00997,0,0.2381,0.79554,0.84081,0.8743,0.8743,0.8743,0.8743,0.89158,0.9396,0.99002,1,1
2,3,2,2,2,0.15865,0.62043,0.03965,0.06755,0,0,0,0.02155,0.03857,0.04428,0.00932,0,0.15865,0.77908,0.81873,0.88628,0.88628,0.88628,0.88628,0.90783,0.9464,0.99068,1,1
2,3,2,3,1,0.28902,0.53391,0.05789,0.00848,0,0,0,0.0059,0.06007,0.03654,0.0082,0,0.28902,0.82293,0.88082,0.8893,0.8893,0.8893,0.8893,0.8952,0.95527,0.99181,1,1
2,3,2,3,2,0.20273,0.62553,0.05337,0.01799,0,0,0,0.00774,0.05078,0.03379,0.00807,0,0.20273,0.82826,0.88163,0.89962,0.89962,0.89962,0.89962,0.90736,0.95814,0.99193,1,1
2,3,3,1,1,0.44784,0.37083,0.05154,0.0619,0,0,0,0.00676,0.02122,0.02767,0.01224,0,0.44784,0.81867,0.87021,0.93211,0.93211,0.93211,0.93211,0.93887,0.96009,0.98776,1,1
2,3,3,1,2,0.31667,0.438,0.0479,0.13246,0,0,0,0.00894,0.01809,0.02579,0.01215,0,0.31667,0.75467,0.80257,0.93503,0.93503,0.93503,0.93503,0.94397,0.96206,0.98785,1,1
2,3,3,2,1,0.41082,0.34503,0.02881,0.10359,0,0,0,0.01168,0.05109,0.03123,0.01775,0,0.41082,0.75585,0.78466,0.88825,0.88825,0.88825,0.88825,0.89993,0.95102,0.98225,1,1
2,3,3,2,2,0.27609,0.38731,0.02545,0.21068,0,0,0,0.01469,0.04138,0.02767,0.01674,0,0.27609,0.6634,0.68885,0.89953,0.89953,0.89953,0.89953,0.91422,0.9556,0.98327,1,1
2,3,3,3,1,0.55739,0.35558,0.0321,0.02799,0,0,0,0.00221,0.02473,0,0,0,0.55739,0.91297,0.94507,0.97306,0.97306,0.97306,0.97306,0.97527,1,1,1,1
2,3,3,3,2,0.42478,0.45264,0.03215,0.06457,0,0,0,0.00315,0.02271,0,0,0,0.42478,0.87742,0.90957,0.97414,0.97414,0.97414,0.97414,0.97729,1,1,1,1
3,1,1,1,1,0.53957,0.15954,0.06854,0.08494,0.03371,0.06183,0.0066,0.00903,0.020159,0.01606,0,0,0.53957,0.69911,0.76765,0.85259,0.8863,0.94813,0.95473,0.96376,0.983919,1,1,1
3,1,1,1,2,0.4375,0.20355,0.07758,0.13633,0.02578,0.06611,0.01311,0.00724,0.017921,0.01487,0,0,0.4375,0.64105,0.71863,0.85496,0.88074,0.94685,0.95996,0.9672,0.985121,1,1,1
3,1,1,2,1,0.4915,0.19407,0.03564,0.13208,0.00905,0.04684,0.00218,0.03532,0.019486,0.03384,0,0,0.4915,0.68557,0.72121,0.85329,0.86234,0.90918,0.91136,0.94668,0.966166,1,1,1
3,1,1,2,2,0.3844,0.23883,0.03891,0.20448,0.00668,0.04832,0.00417,0.02729,0.016709,0.03021,0,0,0.3844,0.62323,0.66214,0.86662,0.8733,0.92162,0.92579,0.95308,0.969789,1,1,1
3,1,1,3,1,0.53517,0.13841,0.05876,0.10489,0.01021,0.07051,0,0.03358,0.035995,0.01247,0,0,0.53517,0.67358,0.73234,0.83723,0.84744,0.91795,0.91795,0.95153,0.987525,1,1,1
3,1,1,3,2,0.43435,0.17676,0.06657,0.16851,0.00781,0.07547,0,0.02693,0.032031,0.01156,0,0,0.43435,0.61111,0.67768,0.84619,0.854,0.92947,0.92947,0.9564,0.988431,1,1,1
3,1,2,1,1,0.55789,0.14061,0.06015,0.16033,0.00985,0.02091,0,0.01105,0.023355,0.01586,0,0,0.55789,0.6985,0.75865,0.91898,0.92883,0.94974,0.94974,0.96079,0.984145,1,1,1
3,1,2,1,2,0.43861,0.17394,0.06601,0.24951,0.0073,0.02168,0,0.00858,0.020131,0.01423,0,0,0.43861,0.61255,0.67856,0.92807,0.93537,0.95705,0.95705,0.96563,0.985761,1,1,1
3,1,2,2,1,0.43656,0.13143,0.0175,0.23877,0.01799,0.0467,0,0.05575,0.022798,0.0325,0,0,0.43656,0.56799,0.58549,0.82426,0.84225,0.88895,0.88895,0.9447,0.967498,1,1,1
3,1,2,2,2,0.32672,0.15477,0.01828,0.35374,0.0127,0.04609,0,0.04123,0.018707,0.02777,0,0,0.32672,0.48149,0.49977,0.85351,0.86621,0.9123,0.9123,0.95353,0.972237,1,1,1
3,1,2,3,1,0.61632,0.12307,0.02687,0.15407,0.00495,0.01545,0,0.02656,0.024478,0.00823,0,0,0.61632,0.73939,0.76626,0.92033,0.92528,0.94073,0.94073,0.96729,0.991768,1,1,1
3,1,2,3,2,0.49704,0.15617,0.03025,0.24595,0.00377,0.01644,0,0.02116,0.021643,0.00758,0,0,0.49704,0.65321,0.68346,0.92941,0.93318,0.94962,0.94962,0.97078,0.992423,1,1,1
3,1,3,1,1,0.68003,0.05624,0.0104,0.14862,0,0.03495,0,0.04231,0.017392,0.01007,0,0,0.68003,0.73627,0.74667,0.89529,0.89529,0.93024,0.93024,0.97255,0.989942,1,1,1
3,1,3,1,2,0.56874,0.074,0.01214,0.24605,0,0.03855,0,0.03496,0.015948,0.00961,0,0,0.56874,0.64274,0.65488,0.90093,0.90093,0.93948,0.93948,0.97444,0.990388,1,1,1
3,1,3,2,1,0.47766,0.05566,0.0041,0.19259,0,0.05826,0,0.12092,0.018708,0.07211,0,0,0.47766,0.53332,0.53742,0.73001,0.73001,0.78827,0.78827,0.90919,0.927898,1,1,1
3,1,3,2,2,0.38172,0.06999,0.00457,0.30466,0,0.0614,0,0.09548,0.016392,0.06578,0,0,0.38172,0.45171,0.45628,0.76094,0.76094,0.82234,0.82234,0.91782,0.934212,1,1,1
3,1,3,3,1,0.80064,0.04234,0.00393,0.08641,0,0,0,0.04378,0.012309,0.01059,0,0,0.80064,0.84298,0.84691,0.93332,0.93332,0.93332,0.93332,0.9771,0.989409,1,1,1
3,1,3,3,2,0.71958,0.05987,0.00494,0.15373,0,0,0,0.03888,0.012129,0.01087,0,0,0.71958,0.77945,0.78439,0.93812,0.93812,0.93812,0.93812,0.977,0.989129,1,1,1
3,2,1,1,1,0.25533,0.54228,0.08122,0.02198,0.01267,0.01425,0.00319,0.0026,0.024959,0.04152,0,0,0.25533,0.79761,0.87883,0.90081,0.91348,0.92773,0.93092,0.93352,0.958479,1,1,1
3,2,1,1,2,0.18484,0.61769,0.08208,0.0315,0.00865,0.01361,0.00566,0.00186,0.01981,0.03431,0,0,0.18484,0.80253,0.88461,0.91611,0.92476,0.93837,0.94403,0.94589,0.9657,1,1,1
3,2,1,2,1,0.2452,0.57061,0.04116,0.04144,0.00235,0.01128,0,0.00205,0.025021,0.06088,0,0,0.2452,0.81581,0.85697,0.89841,0.90076,0.91204,0.91204,0.91409,0.939111,1,1,1
3,2,1,2,2,0.17532,0.64196,0.04109,0.05866,0.00159,0.01064,0,0.00145,0.019615,0.04969,0,0,0.17532,0.81728,0.85837,0.91703,0.91862,0.92926,0.92926,0.93071,0.950325,1,1,1
3,2,1,3,1,0.33288,0.42291,0.06359,0.02905,0.00248,0.0126,0.01357,0.00074,0.040114,0.08207,0,0,0.33288,0.75579,0.81938,0.84843,0.85091,0.86351,0.87708,0.87782,0.917934,1,1,1
3,2,1,3,2,0.24931,0.49839,0.06649,0.04307,0.00175,0.01244,0.0249,0.00055,0.03294,0.07016,0,0,0.24931,0.7477,0.81419,0.85726,0.85901,0.87145,0.89635,0.8969,0.92984,1,1,1
3,2,2,1,1,0.37028,0.40869,0.08301,0.04448,0.01153,0.01176,0.00286,0.0259,0.0205,0.02098,0,0,0.37028,0.77897,0.86198,0.90646,0.91799,0.92975,0.93261,0.95851,0.97901,1,1,1
3,2,2,1,2,0.27994,0.48618,0.08762,0.06657,0.00822,0.01173,0.00529,0.01935,0.016993,0.01811,0,0,0.27994,0.76612,0.85374,0.92031,0.92853,0.94026,0.94555,0.9649,0.981893,1,1,1
3,2,2,2,1,0.35531,0.38439,0.02738,0.09343,0.01695,0.03192,0.00094,0.03072,0.024141,0.03483,0,0,0.35531,0.7397,0.76708,0.86051,0.87746,0.90938,0.91032,0.94104,0.965181,1,1,1
3,2,2,2,2,0.26511,0.45128,0.02852,0.13799,0.01193,0.03141,0.00171,0.02265,0.019749,0.02966,0,0,0.26511,0.71639,0.74491,0.8829,0.89483,0.92624,0.92795,0.9506,0.970349,1,1,1
3,2,2,3,1,0.53703,0.32118,0.03382,0.04569,0.00374,0.00673,0,0.00479,0.019316,0.0277,0,0,0.53703,0.85821,0.89203,0.93772,0.94146,0.94819,0.94819,0.95298,0.972296,1,1,1
3,2,2,3,2,0.42963,0.4043,0.03778,0.07235,0.00282,0.0071,0,0.00379,0.016943,0.0253,0,0,0.42963,0.83393,0.87171,0.94406,0.94688,0.95398,0.95398,0.95777,0.974713,1,1,1
3,2,3,1,1,0.48586,0.24585,0.04775,0.07166,0.03818,0.01332,0.01307,0.05752,0.02053,0.00627,0,0,0.48586,0.73171,0.77946,0.85112,0.8893,0.90262,0.91569,0.97321,0.99374,1,1,1
3,2,3,1,2,0.38767,0.30866,0.05318,0.11318,0.02873,0.01402,0.02554,0.04535,0.01796,0.00571,0,0,0.38767,0.69633,0.74951,0.86269,0.89142,0.90544,0.93098,0.97633,0.99429,1,1,1
3,2,3,2,1,0.43198,0.25274,0.02203,0.13517,0.01788,0.02785,0.00738,0.03989,0.0275,0.03757,0,0,0.43198,0.68472,0.70675,0.84192,0.8598,0.88765,0.89503,0.93492,0.96242,1,1,1
3,2,3,2,2,0.32923,0.30308,0.02344,0.20391,0.01285,0.02799,0.01379,0.03004,0.022979,0.03269,0,0,0.32923,0.63231,0.65575,0.85966,0.87251,0.9005,0.91429,0.94433,0.967309,1,1,1
3,2,3,3,1,0.73614,0.1629,0.01615,0.04365,0.0074,0,0,0.00449,0.012804,0.01646,0,0,0.73614,0.89904,0.91519,0.95884,0.96624,0.96624,0.96624,0.97073,0.983534,1,1,1
3,2,3,3,2,0.64255,0.22374,0.01968,0.07541,0.00609,0,0,0.00387,0.012254,0.0164,0,0,0.64255,0.86629,0.88597,0.96138,0.96747,0.96747,0.96747,0.97134,0.983594,1,1,1
3,3,1,1,1,0.08103,0.73706,0.08331,0.00324,0.00236,0.00069,0.00253,0.0032,0.025966,0.06061,0,0,0.08103,0.81809,0.9014,0.90464,0.907,0.90769,0.91022,0.91342,0.939386,1,1,1
3,3,1,1,2,0.05498,0.78699,0.07893,0.00435,0.00151,0.00062,0.0042,0.00215,0.019319,0.04695,0,0,0.05498,0.84197,0.9209,0.92525,0.92676,0.92738,0.93158,0.93373,0.953049,1,1,1
3,3,1,2,1,0.13312,0.68842,0.05303,0.01163,0.00146,0.00064,0,0.00276,0.032427,0.07651,0,0,0.13312,0.82154,0.87457,0.8862,0.88766,0.8883,0.8883,0.89106,0.923487,1,1,1
3,3,1,2,2,0.09237,0.75159,0.05137,0.01597,0.00095,0.00059,0,0.00189,0.024669,0.0606,0,0,0.09237,0.84396,0.89533,0.9113,0.91225,0.91284,0.91284,0.91473,0.939399,1,1,1
3,3,1,3,1,0.13745,0.54993,0.14033,0.00432,0.00665,0.0011,0,0.00354,0.070194,0.08649,0,0,0.13745,0.68738,0.82771,0.83203,0.83868,0.83978,0.83978,0.84332,0.913514,1,1,1
3,3,1,3,2,0.09859,0.62068,0.14052,0.00614,0.0045,0.00104,0,0.00251,0.055203,0.07081,0,0,0.09859,0.71927,0.85979,0.86593,0.87043,0.87147,0.87147,0.87398,0.929183,1,1,1
3,3,2,1,1,0.08302,0.73017,0.07143,0.00583,0.00129,0.00242,0.00159,0.01122,0.03524,0.0578,0,0,0.08302,0.81319,0.88462,0.89045,0.89174,0.89416,0.89575,0.90697,0.94221,1,1,1
3,3,2,1,2,0.05659,0.78307,0.06797,0.00786,0.00083,0.00217,0.00266,0.00755,0.026334,0.04497,0,0,0.05659,0.83966,0.90763,0.91549,0.91632,0.91849,0.92115,0.9287,0.955034,1,1,1
3,3,2,2,1,0.14103,0.63074,0.03062,0.02411,0.00649,0.00795,0.0051,0.01502,0.053492,0.08545,0,0,0.14103,0.77177,0.80239,0.8265,0.83299,0.84094,0.84604,0.86106,0.914552,1,1,1
3,3,2,2,2,0.09903,0.69692,0.03002,0.03351,0.0043,0.00736,0.00877,0.01042,0.041183,0.0685,0,0,0.09903,0.79595,0.82597,0.85948,0.86378,0.87114,0.87991,0.89033,0.931513,1,1,1
3,3,2,3,1,0.17375,0.60879,0.06944,0.0067,0.00665,0.00277,0,0.00889,0.061935,0.06108,0,0,0.17375,0.78254,0.85198,0.85868,0.86533,0.8681,0.8681,0.87699,0.938925,1,1,1
3,3,2,3,2,0.12426,0.68511,0.06933,0.00949,0.00449,0.00261,0,0.00628,0.048567,0.04987,0,0,0.12426,0.80937,0.8787,0.88819,0.89268,0.89529,0.89529,0.90157,0.950137,1,1,1
3,3,3,1,1,0.20997,0.60668,0.07693,0.02649,0.00348,0.00627,0.00107,0.00857,0.035472,0.02507,0,0,0.20997,0.81665,0.89358,0.92007,0.92355,0.92982,0.93089,0.93946,0.974932,1,1,1
3,3,3,1,2,0.14844,0.67485,0.07592,0.03707,0.00232,0.00585,0.00185,0.00598,0.027494,0.02023,0,0,0.14844,0.82329,0.89921,0.93628,0.9386,0.94445,0.9463,0.95228,0.979774,1,1,1
3,3,3,2,1,0.25881,0.44859,0.03613,0.07705,0.00439,0.01245,0.00462,0.00525,0.047964,0.10475,0,0,0.25881,0.7074,0.74353,0.82058,0.82497,0.83742,0.84204,0.84729,0.895254,1,1,1
3,3,3,2,2,0.18797,0.51266,0.03664,0.11077,0.003,0.01192,0.00822,0.00377,0.038195,0.08685,0,0,0.18797,0.70063,0.73727,0.84804,0.85104,0.86296,0.87118,0.87495,0.913145,1,1,1
3,3,3,3,1,0.42772,0.39739,0.05786,0.01683,0.01003,0,0,0.00267,0.03845,0.04906,0,0,0.42772,0.82511,0.88297,0.8998,0.90983,0.90983,0.90983,0.9125,0.95095,1,1,1
3,3,3,3,2,0.33485,0.48952,0.06324,0.02608,0.00741,0,0,0.00206,0.033003,0.04384,0,0,0.33485,0.82437,0.88761,0.91369,0.9211,0.9211,0.9211,0.92316,0.956163,1,1,1
4,1,1,1,1,0.41114,0.15706,0.10576,0.08725,0.08283,0.08803,0.02682,0.00655,0.021705,0.01284,0,0,0.41114,0.5682,0.67396,0.76121,0.84404,0.93207,0.95889,0.96544,0.987145,1,1,1
4,1,1,1,2,0.36801,0.22824,0.07914,0.12532,0.03963,0.11176,0.01773,0.00745,0.01326,0.00947,0,0,0.36801,0.59625,0.67539,0.80071,0.84034,0.9521,0.96983,0.97728,0.99054,1,1,1
4,1,1,2,1,0.37756,0.15186,0.0324,0.15749,0.08171,0.11085,0.02991,0.01052,0.03276,0.01494,0,0,0.37756,0.52942,0.56182,0.71931,0.80102,0.91187,0.94178,0.9523,0.98506,1,1,1
4,1,1,2,2,0.32136,0.20984,0.02305,0.21508,0.03718,0.13382,0.01879,0.01137,0.019031,0.01048,0,0,0.32136,0.5312,0.55425,0.76933,0.80651,0.94033,0.95912,0.97049,0.989521,1,1,1
4,1,1,3,1,0.48281,0.1464,0.04793,0.06743,0.0788,0.05964,0,0.01279,0.097059,0.00715,0,0,0.48281,0.62921,0.67714,0.74457,0.82337,0.88301,0.88301,0.8958,0.992859,1,1,1
4,1,1,3,2,0.44546,0.21929,0.03697,0.09983,0.03886,0.07805,0,0.01498,0.061121,0.00543,0,0,0.44546,0.66475,0.70172,0.80155,0.84041,0.91846,0.91846,0.93344,0.994561,1,1,1
4,1,2,1,1,0.46203,0.13013,0.09566,0.13397,0.04513,0.04122,0.00547,0.02823,0.042425,0.01572,0,0,0.46203,0.59216,0.68782,0.82179,0.86692,0.90814,0.91361,0.94184,0.984265,1,1,1
4,1,2,1,2,0.40793,0.18652,0.07061,0.18979,0.0213,0.05161,0.00356,0.03166,0.025565,0.01144,0,0,0.40793,0.59445,0.66506,0.85485,0.87615,0.92776,0.93132,0.96298,0.988545,1,1,1
4,1,2,2,1,0.45954,0.10089,0.01968,0.22034,0.04229,0.05504,0.00334,0.03321,0.052348,0.01332,0,0,0.45954,0.56043,0.58011,0.80045,0.84274,0.89778,0.90112,0.93433,0.986678,1,1,1
4,1,2,2,2,0.38768,0.13818,0.01388,0.29826,0.01907,0.06586,0.00208,0.03558,0.030142,0.00926,0,0,0.38768,0.52586,0.53974,0.838,0.85707,0.92293,0.92501,0.96059,0.990732,1,1,1
4,1,2,3,1,0.56514,0.10103,0.02161,0.15099,0.05815,0.00571,0,0.01057,0.080947,0.00587,0,0,0.56514,0.66617,0.68778,0.83877,0.89692,0.90263,0.90263,0.9132,0.994147,1,1,1
4,1,2,3,2,0.51275,0.14881,0.01639,0.21981,0.0282,0.00735,0,0.01218,0.050127,0.00439,0,0,0.51275,0.66156,0.67795,0.89776,0.92596,0.93331,0.93331,0.94549,0.995617,1,1,1
4,1,3,1,1,0.59055,0.1086,0.04235,0.10111,0.02812,0.04552,0,0,0.050534,0.03321,0,0,0.59055,0.69915,0.7415,0.84261,0.87073,0.91625,0.91625,0.91625,0.966784,1,1,1
4,1,3,1,2,0.53397,0.15942,0.03202,0.1467,0.01359,0.05838,0,0,0.031187,0.02474,0,0,0.53397,0.69339,0.72541,0.87211,0.8857,0.94408,0.94408,0.94408,0.975267,1,1,1
4,1,3,2,1,0.42803,0.06989,0.0062,0.32319,0.02865,0.12407,0,0,0,0.01996,0,0,0.42803,0.49792,0.50412,0.82731,0.85596,0.98003,0.98003,0.98003,0.98003,1,1,1
4,1,3,2,2,0.33624,0.08914,0.00407,0.40736,0.01203,0.13824,0,0,0,0.01292,0,0,0.33624,0.42538,0.42945,0.83681,0.84884,0.98708,0.98708,0.98708,0.98708,1,1,1
4,1,3,3,1,0.62393,0.17435,0.00343,0.15136,0.02717,0.00988,0,0,0.000001,0.00987,0,0,0.62393,0.79828,0.80171,0.95307,0.98024,0.99012,0.99012,0.99012,0.990121,1,1,1
4,1,3,3,2,0.52458,0.23798,0.00241,0.2042,0.01221,0.01178,0,0,0.000001,0.00684,0,0,0.52458,0.76256,0.76497,0.96917,0.98138,0.99316,0.99316,0.99316,0.993161,1,1,1
4,2,1,1,1,0.21243,0.53657,0.08875,0.02038,0.02016,0.02391,0.0243,0.00446,0.020176,0.04886,0,0,0.21243,0.749,0.83775,0.85813,0.87829,0.9022,0.9265,0.93096,0.951136,1,1,1
4,2,1,1,2,0.19246,0.5893,0.07769,0.02501,0.01638,0.02271,0.01981,0.00617,0.009756,0.04072,0,0,0.19246,0.78176,0.85945,0.88446,0.90084,0.92355,0.94336,0.94953,0.959286,1,1,1
4,2,1,2,1,0.1654,0.55144,0.03645,0.02586,0.01942,0.02147,0.0242,0.01089,0.040771,0.1041,0,0,0.1654,0.71684,0.75329,0.77915,0.79857,0.82004,0.84424,0.85513,0.895901,1,1,1
4,2,1,2,2,0.15037,0.60772,0.03202,0.03184,0.01583,0.02046,0.0198,0.01513,0.019782,0.08705,0,0,0.15037,0.75809,0.79011,0.82195,0.83778,0.85824,0.87804,0.89317,0.912952,1,1,1
4,2,1,3,1,0.30882,0.35801,0.09414,0.01616,0.02226,0.04356,0.01463,0.00595,0.069708,0.06676,0,0,0.30882,0.66683,0.76097,0.77713,0.79939,0.84295,0.85758,0.86353,0.933238,1,1,1
4,2,1,3,2,0.29633,0.41645,0.08728,0.021,0.01915,0.04382,0.01263,0.00873,0.035699,0.05893,0,0,0.29633,0.71278,0.80006,0.82106,0.84021,0.88403,0.89666,0.90539,0.941089,1,1,1
4,2,2,1,1,0.31102,0.41807,0.10253,0.04157,0.02682,0.02374,0.01856,0.01184,0.024463,0.02139,0,0,0.31102,0.72909,0.83162,0.87319,0.90001,0.92375,0.94231,0.95415,0.978613,1,1,1
4,2,2,1,2,0.28543,0.46511,0.09091,0.05166,0.02207,0.02284,0.01533,0.01661,0.011982,0.01806,0,0,0.28543,0.75054,0.84145,0.89311,0.91518,0.93802,0.95335,0.96996,0.981942,1,1,1
4,2,2,2,1,0.31403,0.41252,0.03386,0.05754,0.02937,0.02707,0.01212,0.02537,0.048389,0.03973,0,0,0.31403,0.72655,0.76041,0.81795,0.84732,0.87439,0.88651,0.91188,0.960269,1,1,1
4,2,2,2,2,0.2877,0.45815,0.02997,0.07139,0.02413,0.026,0.00999,0.03554,0.023661,0.03348,0,0,0.2877,0.74585,0.77582,0.84721,0.87134,0.89734,0.90733,0.94287,0.966531,1,1,1
4,2,2,3,1,0.51267,0.25291,0.05901,0.05231,0.04365,0.00963,0.00593,0.0033,0.039259,0.02133,0,0,0.51267,0.76558,0.82459,0.8769,0.92055,0.93018,0.93611,0.93941,0.978669,1,1,1
4,2,2,3,2,0.48951,0.29275,0.05444,0.06764,0.03737,0.00963,0.00509,0.00482,0.020007,0.01874,0,0,0.48951,0.78226,0.8367,0.90434,0.94171,0.95134,0.95643,0.96125,0.981257,1,1,1
4,2,3,1,1,0.44581,0.33286,0.05128,0.07868,0.02027,0.04697,0.0151,0.00903,0.000001,0,0,0,0.44581,0.77867,0.82995,0.90863,0.9289,0.97587,0.99097,1,1.000001,1,1,1
4,2,3,1,2,0.4052,0.36676,0.04503,0.09685,0.01652,0.04475,0.01235,0.01254,0,0,0,0,0.4052,0.77196,0.81699,0.91384,0.93036,0.97511,0.98746,1,1,1,1,1
4,2,3,2,1,0.3008,0.25001,0.01106,0.19409,0.02212,0.10025,0.03168,0.08999,0,0,0,0,0.3008,0.55081,0.56187,0.75596,0.77808,0.87833,0.91001,1,1,1,1,1
4,2,3,2,2,0.25744,0.25939,0.00914,0.22496,0.01698,0.08994,0.0244,0.11775,0,0,0,0,0.25744,0.51683,0.52597,0.75093,0.76791,0.85785,0.88225,1,1,1,1,1
4,2,3,3,1,0.49962,0.32776,0.00834,0.10352,0.01947,0.02348,0.01781,0,0,0,0,0,0.49962,0.82738,0.83572,0.93924,0.95871,0.98219,1,1,1,1,1,1
4,2,3,3,2,0.45284,0.36013,0.0073,0.12706,0.01582,0.02231,0.01453,0,0,0,0,0,0.45284,0.81297,0.82027,0.94733,0.96315,0.98546,0.99999,0.99999,0.99999,1,1,1
4,3,1,1,1,0.04296,0.76904,0.08339,0.00387,0.00702,0.00419,0.00711,0.00464,0.016111,0.06165,0,0,0.04296,0.812,0.89539,0.89926,0.90628,0.91047,0.91758,0.92222,0.938331,1,1,1
4,3,1,1,2,0.04167,0.79344,0.07787,0.00381,0.00499,0.00487,0.00838,0.00335,0.015813,0.04582,0,0,0.04167,0.83511,0.91298,0.91679,0.92178,0.92665,0.93503,0.93838,0.954193,1,1,1
4,3,1,2,1,0.07674,0.64742,0.03457,0.01104,0.00817,0.00449,0.00862,0.01057,0.038136,0.16025,0,0,0.07674,0.72416,0.75873,0.76977,0.77794,0.78243,0.79105,0.80162,0.839756,1,1,1
4,3,1,2,2,0.07667,0.68801,0.03325,0.0112,0.00598,0.00537,0.01046,0.00785,0.038553,0.12267,0,0,0.07667,0.76468,0.79793,0.80913,0.81511,0.82048,0.83094,0.83879,0.877343,1,1,1
4,3,1,3,1,0.07768,0.58619,0.09249,0.00557,0.00437,0.00926,0.00813,0.01325,0.080781,0.12227,0,0,0.07768,0.66387,0.75636,0.76193,0.7663,0.77556,0.78369,0.79694,0.877721,1,1,1
4,3,1,3,2,0.07727,0.62021,0.08857,0.00563,0.00318,0.01102,0.00983,0.0098,0.081306,0.09319,0,0,0.07727,0.69748,0.78605,0.79168,0.79486,0.80588,0.81571,0.82551,0.906816,1,1,1
4,3,2,1,1,0.05824,0.73625,0.0951,0.00775,0.00659,0.00477,0.00856,0.00675,0.018393,0.0576,0,0,0.05824,0.79449,0.88959,0.89734,0.90393,0.9087,0.91726,0.92401,0.942403,1,1,1
4,3,2,1,2,0.05657,0.7607,0.08894,0.00764,0.00468,0.00554,0.01011,0.00487,0.018078,0.04287,0,0,0.05657,0.81727,0.90621,0.91385,0.91853,0.92407,0.93418,0.93905,0.957128,1,1,1
4,3,2,2,1,0.13566,0.59842,0.03188,0.02425,0.00876,0.00652,0.00684,0.01355,0.042854,0.13125,0,0,0.13566,0.73408,0.76596,0.79021,0.79897,0.80549,0.81233,0.82588,0.868734,1,1,1
4,3,2,2,2,0.13511,0.63398,0.03057,0.02452,0.00639,0.00777,0.00828,0.01004,0.043189,0.10016,0,0,0.13511,0.76909,0.79966,0.82418,0.83057,0.83834,0.84662,0.85666,0.899849,1,1,1
4,3,2,3,1,0.14098,0.60073,0.06756,0.02091,0.00714,0.00277,0.00613,0.00475,0.050573,0.09845,0,0,0.14098,0.74171,0.80927,0.83018,0.83732,0.84009,0.84622,0.85097,0.901543,1,1,1
4,3,2,3,2,0.13925,0.63119,0.06425,0.02097,0.00516,0.00327,0.00736,0.00349,0.050549,0.07452,0,0,0.13925,0.77044,0.83469,0.85566,0.86082,0.86409,0.87145,0.87494,0.925489,1,1,1
4,3,3,1,1,0.17311,0.61785,0.09407,0.00757,0.01279,0.01003,0.01354,0.00236,0.022356,0.04632,0,0,0.17311,0.79096,0.88503,0.8926,0.90539,0.91542,0.92896,0.93132,0.953676,1,1,1
4,3,3,1,2,0.16868,0.6404,0.08825,0.00749,0.00913,0.01168,0.01602,0.00171,0.022043,0.03459,0,0,0.16868,0.80908,0.89733,0.90482,0.91395,0.92563,0.94165,0.94336,0.965403,1,1,1
4,3,3,2,1,0.3053,0.43307,0.02333,0.04786,0.01922,0.02909,0.03935,0.02502,0,0.07778,0,0,0.3053,0.73837,0.7617,0.80956,0.82878,0.85787,0.89722,0.92224,0.92224,1,1,1
4,3,3,2,2,0.30172,0.45526,0.02219,0.04802,0.01391,0.03438,0.04724,0.01838,0,0.0589,0,0,0.30172,0.75698,0.77917,0.82719,0.8411,0.87548,0.92272,0.9411,0.9411,1,1,1
4,3,3,3,1,0.22858,0.6583,0.01515,0.01715,0.00656,0.00575,0.02872,0,0,0.0398,0,0,0.22858,0.88688,0.90203,0.91918,0.92574,0.93149,0.96021,0.96021,0.96021,1,1,1
4,3,3,3,2,0.22023,0.67469,0.01405,0.01677,0.00463,0.00663,0.03361,0,0,0.02938,0,0,0.22023,0.89492,0.90897,0.92574,0.93037,0.937,0.97061,0.97061,0.97061,1,1,1
5,1,1,1,1,0.23904,0.19746,0.11484,0.07069,0.11228,0.08533,0.04739,0.01574,0.082938,0.0343,0,0,0.23904,0.4365,0.55134,0.62203,0.73431,0.81964,0.86703,0.88277,0.965708,1,1,1
5,1,1,1,2,0.25408,0.24032,0.12737,0.07911,0.10081,0.0989,0.04482,0.01428,0.01795,0.02236,0,0,0.25408,0.4944,0.62177,0.70088,0.80169,0.90059,0.94541,0.95969,0.97764,1,1,1
5,1,1,2,1,0.26863,0.1111,0.03485,0.14033,0.08781,0.14736,0.05788,0.03142,0.080641,0.04,0,0,0.26863,0.37973,0.41458,0.55491,0.64272,0.79008,0.84796,0.87938,0.960021,1,1,1
5,1,1,2,2,0.25315,0.19043,0.03275,0.15466,0.08786,0.16404,0.04633,0.02268,0.018933,0.02917,0,0,0.25315,0.44358,0.47633,0.63099,0.71885,0.88289,0.92922,0.9519,0.970833,1,1,1
5,1,1,3,1,0.35969,0.09237,0.06962,0.1359,0.09736,0.09882,0.04982,0.01058,0.070857,0.01501,0,0,0.35969,0.45206,0.52168,0.65758,0.75494,0.85376,0.90358,0.91416,0.985017,1,1,1
5,1,1,3,2,0.31127,0.1535,0.1177,0.0943,0.07711,0.10156,0.06093,0.01242,0.049421,0.0218,0,0,0.31127,0.46477,0.58247,0.67677,0.75388,0.85544,0.91637,0.92879,0.978211,1,1,1
5,1,2,1,1,0.33751,0.12634,0.11057,0.09706,0.10356,0.07244,0.04707,0.0054,0.073711,0.02634,0,0,0.33751,0.46385,0.57442,0.67148,0.77504,0.84748,0.89455,0.89995,0.973661,1,1,1
5,1,2,1,2,0.35759,0.15326,0.12224,0.10828,0.09269,0.08368,0.04437,0.00488,0.015901,0.01711,0,0,0.35759,0.51085,0.63309,0.74137,0.83406,0.91774,0.96211,0.96699,0.982891,1,1,1
5,1,2,2,1,0.36008,0.06748,0.03185,0.18292,0.0769,0.11876,0.05457,0.01023,0.06804,0.02916,0,0,0.36008,0.42756,0.45941,0.64233,0.71923,0.83799,0.89256,0.90279,0.97083,1,1,1
5,1,2,2,2,0.34485,0.11755,0.03043,0.20488,0.07819,0.13435,0.04439,0.00751,0.016234,0.02161,0,0,0.34485,0.4624,0.49283,0.69771,0.7759,0.91025,0.95464,0.96215,0.978384,1,1,1
5,1,2,3,1,0.45269,0.05268,0.05975,0.16633,0.08004,0.07477,0.0441,0.00323,0.056132,0.01027,0,0,0.45269,0.50537,0.56512,0.73145,0.81149,0.88626,0.93036,0.93359,0.989722,1,1,1
5,1,2,3,2,0.41334,0.09237,0.10658,0.12177,0.06689,0.08109,0.05691,0.00401,0.041309,0.01574,0,0,0.41334,0.50571,0.61229,0.73406,0.80095,0.88204,0.93895,0.94296,0.984269,1,1,1
5,1,3,1,1,0.42242,0.11269,0.05751,0.10343,0.04213,0.11499,0.03433,0,0.071254,0.04125,0,0,0.42242,0.53511,0.59262,0.69605,0.73818,0.85317,0.8875,0.8875,0.958754,1,1,1
5,1,3,1,2,0.44386,0.13558,0.06305,0.11444,0.0374,0.13175,0.0321,0,0.015245,0.02658,0,0,0.44386,0.57944,0.64249,0.75693,0.79433,0.92608,0.95818,0.95818,0.973425,1,1,1
5,1,3,2,1,0.41216,0.05505,0.01515,0.17828,0.02861,0.17242,0.0364,0,0.060153,0.04177,0,0,0.41216,0.46721,0.48236,0.66064,0.68925,0.86167,0.89807,0.89807,0.958223,1,1,1
5,1,3,2,2,0.39321,0.09553,0.01442,0.19892,0.02898,0.19431,0.0295,0,0.014297,0.03084,0,0,0.39321,0.48874,0.50316,0.70208,0.73106,0.92537,0.95487,0.95487,0.969167,1,1,1
5,1,3,3,1,0.52671,0.04368,0.02889,0.16478,0.03027,0.11035,0.02991,0,0.050445,0.01496,0,0,0.52671,0.57039,0.59928,0.76406,0.79433,0.90468,0.93459,0.93459,0.985035,1,1,1
5,1,3,3,2,0.49413,0.07869,0.05294,0.12395,0.02599,0.12295,0.03965,0,0.038142,0.02355,0,0,0.49413,0.57282,0.62576,0.74971,0.7757,0.89865,0.9383,0.9383,0.976442,1,1,1
5,2,1,1,1,0.11195,0.48448,0.13066,0.00696,0.04648,0.0144,0.06894,0.01109,0.057711,0.06733,0,0,0.11195,0.59643,0.72709,0.73405,0.78053,0.79493,0.86387,0.87496,0.932671,1,1,1
5,2,1,1,2,0.12088,0.55467,0.12241,0.01153,0.04535,0.02555,0.0409,0.0078,0.023746,0.04717,0,0,0.12088,0.67555,0.79796,0.80949,0.85484,0.88039,0.92129,0.92909,0.952836,1,1,1
5,2,1,2,1,0.16685,0.36151,0.05258,0.01832,0.04821,0.03297,0.11165,0.02936,0.074417,0.10413,0,0,0.16685,0.52836,0.58094,0.59926,0.64747,0.68044,0.79209,0.82145,0.895867,1,1,1
5,2,1,2,2,0.14387,0.52504,0.0376,0.02693,0.04721,0.05063,0.0505,0.0148,0.029919,0.07351,0,0,0.14387,0.66891,0.70651,0.73344,0.78065,0.83128,0.88178,0.89658,0.926499,1,1,1
5,2,1,3,1,0.23952,0.32222,0.11263,0.01902,0.0573,0.02371,0.10303,0.0106,0.070102,0.04189,0,0,0.23952,0.56174,0.67437,0.69339,0.75069,0.7744,0.87743,0.88803,0.958132,1,1,1
5,2,1,3,2,0.17142,0.4101,0.13093,0.01591,0.04015,0.03038,0.06435,0.00785,0.07568,0.05323,0,0,0.17142,0.58152,0.71245,0.72836,0.76851,0.79889,0.86324,0.87109,0.94677,1,1,1
5,2,2,1,1,0.21483,0.40614,0.08243,0.02716,0.08862,0.03265,0.05983,0.01392,0.043168,0.03127,0,0,0.21483,0.62097,0.7034,0.73056,0.81918,0.85183,0.91166,0.92558,0.968748,1,1,1
5,2,2,1,2,0.22123,0.44345,0.07364,0.04293,0.08247,0.05527,0.03385,0.00933,0.01694,0.02089,0,0,0.22123,0.66468,0.73832,0.78125,0.86372,0.91899,0.95284,0.96217,0.97911,1,1,1
5,2,2,2,1,0.28275,0.26763,0.02929,0.06314,0.08118,0.06604,0.08557,0.03254,0.049158,0.04271,0,0,0.28275,0.55038,0.57967,0.64281,0.72399,0.79003,0.8756,0.90814,0.957298,1,1,1
5,2,2,2,2,0.2362,0.37657,0.02029,0.08993,0.07702,0.09824,0.03749,0.01589,0.019148,0.02921,0,0,0.2362,0.61277,0.63306,0.72299,0.80001,0.89825,0.93574,0.95163,0.970778,1,1,1
5,2,2,3,1,0.37902,0.22275,0.05859,0.06122,0.0901,0.04433,0.07373,0.01097,0.043242,0.01604,0,0,0.37902,0.60177,0.66036,0.72158,0.81168,0.85601,0.92974,0.94071,0.983952,1,1,1
5,2,2,3,2,0.29638,0.30975,0.07441,0.05595,0.06897,0.06207,0.05032,0.00888,0.051004,0.02227,0,0,0.29638,0.60613,0.68054,0.73649,0.80546,0.86753,0.91785,0.92673,0.977734,1,1,1
5,2,3,1,1,0.22401,0.32299,0.11092,0.05639,0.06193,0.0414,0.06433,0.05265,0.000002,0.06538,0,0,0.22401,0.547,0.65792,0.71431,0.77624,0.81764,0.88197,0.93462,0.934622,1,1,1
5,2,3,1,2,0.22735,0.34756,0.09766,0.08785,0.0568,0.06907,0.03587,0.03479,0.000001,0.04305,0,0,0.22735,0.57491,0.67257,0.76042,0.81722,0.88629,0.92216,0.95695,0.956951,1,1,1
5,2,3,2,1,0.26253,0.18951,0.0351,0.11675,0.05051,0.07457,0.08192,0.10959,0.000002,0.07952,0,0,0.26253,0.45204,0.48714,0.60389,0.6544,0.72897,0.81089,0.92048,0.920482,1,1,1
5,2,3,2,2,0.22397,0.27232,0.02483,0.16981,0.04894,0.11328,0.03666,0.05464,0.000001,0.05554,0,0,0.22397,0.49629,0.52112,0.69093,0.73987,0.85315,0.88981,0.94445,0.944451,1,1,1
5,2,3,3,1,0.37575,0.16842,0.07496,0.12085,0.05987,0.05345,0.07537,0.03943,0.000002,0.03189,0,0,0.37575,0.54417,0.61913,0.73998,0.79985,0.8533,0.92867,0.9681,0.968102,1,1,1
5,2,3,3,2,0.29921,0.23849,0.09695,0.11249,0.04667,0.0762,0.05238,0.03251,0.000002,0.04509,0,0,0.29921,0.5377,0.63465,0.74714,0.79381,0.87001,0.92239,0.9549,0.954902,1,1,1
5,3,1,1,1,0.02348,0.70882,0.08954,0.00188,0.00757,0.00709,0.02831,0.00478,0.037212,0.09131,0,0,0.02348,0.7323,0.82184,0.82372,0.83129,0.83838,0.86669,0.87147,0.908682,1,1,1
5,3,1,1,2,0.02921,0.71976,0.10416,0.00366,0.0073,0.0064,0.03092,0.00418,0.026118,0.06828,0,0,0.02921,0.74897,0.85313,0.85679,0.86409,0.87049,0.90141,0.90559,0.931708,1,1,1
5,3,1,2,1,0.03992,0.60329,0.0411,0.00566,0.00896,0.01851,0.0523,0.01444,0.054733,0.16109,0,0,0.03992,0.64321,0.68431,0.68997,0.69893,0.71744,0.76974,0.78418,0.838913,1,1,1
5,3,1,2,2,0.03613,0.70797,0.03325,0.00889,0.0079,0.01317,0.03968,0.00824,0.034194,0.11059,0,0,0.03613,0.7441,0.77735,0.78624,0.79414,0.80731,0.84699,0.85523,0.889424,1,1,1
5,3,1,3,1,0.06492,0.60917,0.09973,0.00665,0.01206,0.01508,0.05467,0.0059,0.058409,0.0734,0,0,0.06492,0.67409,0.77382,0.78047,0.79253,0.80761,0.86228,0.86818,0.926589,1,1,1
5,3,1,3,2,0.04516,0.58014,0.12146,0.00551,0.00704,0.00829,0.05305,0.00459,0.090742,0.08401,0,0,0.04516,0.6253,0.74676,0.75227,0.75931,0.7676,0.82065,0.82524,0.915982,1,1,1
5,3,2,1,1,0.07552,0.65283,0.09017,0.0053,0.02144,0.0161,0.0287,0.00859,0.029404,0.07195,0,0,0.07552,0.72835,0.81852,0.82382,0.84526,0.86136,0.89006,0.89865,0.928054,1,1,1
5,3,2,1,2,0.09205,0.64955,0.10279,0.01011,0.02025,0.01425,0.03072,0.00735,0.020222,0.05272,0,0,0.09205,0.7416,0.84439,0.8545,0.87475,0.889,0.91972,0.92707,0.947292,1,1,1
5,3,2,2,1,0.12135,0.52524,0.03913,0.01506,0.02398,0.03976,0.05011,0.02451,0.040882,0.11998,0,0,0.12135,0.64659,0.68572,0.70078,0.72476,0.76452,0.81463,0.83914,0.880022,1,1,1
5,3,2,2,2,0.11084,0.62206,0.03194,0.02389,0.02133,0.02856,0.03837,0.01411,0.025777,0.08313,0,0,0.11084,0.7329,0.76484,0.78873,0.81006,0.83862,0.87699,0.8911,0.916877,1,1,1
5,3,2,3,1,0.18518,0.49765,0.08908,0.01662,0.03029,0.03039,0.04916,0.0094,0.040937,0.0513,0,0,0.18518,0.68283,0.77191,0.78853,0.81882,0.84921,0.89837,0.90777,0.948707,1,1,1
5,3,2,3,2,0.13752,0.50594,0.11582,0.01469,0.01889,0.01784,0.05092,0.0078,0.067895,0.06268,0,0,0.13752,0.64346,0.75928,0.77397,0.79286,0.8107,0.86162,0.86942,0.937315,1,1,1
5,3,3,1,1,0.18354,0.44797,0.0208,0.02839,0.05567,0.03802,0.08416,0.00988,0.017508,0.11407,0,0,0.18354,0.63151,0.65231,0.6807,0.73637,0.77439,0.85855,0.86843,0.885938,1,1,1
5,3,3,1,2,0.21771,0.43373,0.02307,0.05265,0.05117,0.03273,0.08766,0.00823,0.011717,0.08133,0,0,0.21771,0.65144,0.67451,0.72716,0.77833,0.81106,0.89872,0.90695,0.918667,1,1,1
5,3,3,2,1,0.2285,0.27921,0.00699,0.06243,0.04823,0.07273,0.11385,0.02184,0.018857,0.14736,0,0,0.2285,0.50771,0.5147,0.57713,0.62536,0.69809,0.81194,0.83378,0.852637,1,1,1
5,3,3,2,2,0.21899,0.34699,0.00599,0.10391,0.04502,0.05481,0.09147,0.01319,0.012477,0.10714,0,0,0.21899,0.56598,0.57197,0.67588,0.7209,0.77571,0.86718,0.88037,0.892847,1,1,1
5,3,3,3,1,0.34301,0.26025,0.01566,0.06778,0.05995,0.05468,0.10987,0.00824,0.018576,0.06198,0,0,0.34301,0.60326,0.61892,0.6867,0.74665,0.80133,0.9112,0.91944,0.938016,1,1,1
5,3,3,3,2,0.28421,0.29521,0.02271,0.06687,0.0417,0.03582,0.12698,0.00763,0.034375,0.0845,0,0,0.28421,0.57942,0.60213,0.669,0.7107,0.74652,0.8735,0.88113,0.915505,1,1,1
6,1,1,1,1,0.00361,0,0,0,0.28399,0.15227,0.55117,0,0,0,0,0.00895,0.00361,0.00361,0.00361,0.00361,0.2876,0.43987,0.99104,0.99104,0.99104,0.99104,0.99104,1
6,1,1,1,2,0.00274,0,0,0,0.26179,0.1846,0.54309,0,0,0,0,0.00778,0.00274,0.00274,0.00274,0.00274,0.26453,0.44913,0.99222,0.99222,0.99222,0.99222,0.99222,1
6,1,1,2,1,0.00339,0,0,0,0.35183,0.34386,0.2902,0,0,0,0,0.01071,0.00339,0.00339,0.00339,0.00339,0.35522,0.69908,0.98928,0.98928,0.98928,0.98928,0.98928,1
6,1,1,2,2,0.00248,0,0,0,0.31215,0.40121,0.27521,0,0,0,0,0.00895,0.00248,0.00248,0.00248,0.00248,0.31463,0.71584,0.99105,0.99105,0.99105,0.99105,0.99105,1
6,1,1,3,1,0.03997,0,0,0,0.28846,0.31949,0.34221,0,0,0,0,0.00986,0.03997,0.03997,0.03997,0.03997,0.32843,0.64792,0.99013,0.99013,0.99013,0.99013,0.99013,1
6,1,1,3,2,0.02949,0,0,0,0.25833,0.37628,0.32758,0,0,0,0,0.00832,0.02949,0.02949,0.02949,0.02949,0.28782,0.6641,0.99168,0.99168,0.99168,0.99168,0.99168,1
6,1,2,1,1,0.02977,0,0,0,0.33947,0.21489,0.41003,0,0,0,0,0.00584,0.02977,0.02977,0.02977,0.02977,0.36924,0.58413,0.99416,0.99416,0.99416,0.99416,0.99416,1
6,1,2,1,2,0.02461,0,0,0,0.30502,0.3477,0.31701,0,0,0,0,0.00565,0.02461,0.02461,0.02461,0.02461,0.32963,0.67733,0.99434,0.99434,0.99434,0.99434,0.99434,1
6,1,2,2,1,0.01772,0,0,0,0.40204,0.4318,0.14032,0,0,0,0,0.00812,0.01772,0.01772,0.01772,0.01772,0.41976,0.85156,0.99188,0.99188,0.99188,0.99188,0.99188,1
6,1,2,2,2,0.0123,0,0,0,0.30333,0.58667,0.0911,0,0,0,0,0.0066,0.0123,0.0123,0.0123,0.0123,0.31563,0.9023,0.9934,0.9934,0.9934,0.9934,0.9934,1
6,1,2,3,1,0.16713,0,0,0,0.16065,0.58199,0.08398,0,0,0,0,0.00624,0.16713,0.16713,0.16713,0.16713,0.32778,0.90977,0.99375,0.99375,0.99375,0.99375,0.99375,1
6,1,2,3,2,0.10668,0,0,0,0.11145,0.72707,0.05013,0,0,0,0,0.00467,0.10668,0.10668,0.10668,0.10668,0.21813,0.9452,0.99533,0.99533,0.99533,0.99533,0.99533,1
6,1,3,1,1,0.31043,0,0,0,0.25234,0.21753,0.2119,0,0,0,0,0.00781,0.31043,0.31043,0.31043,0.31043,0.56277,0.7803,0.9922,0.9922,0.9922,0.9922,0.9922,1
6,1,3,1,2,0.24563,0,0,0,0.22923,0.32331,0.20184,0,0,0,0,0,0.24563,0.24563,0.24563,0.24563,0.47486,0.79817,1.00001,1.00001,1.00001,1.00001,1.00001,1
6,1,3,2,1,0,0,0,0,0.40212,0.49948,0.09841,0,0,0,0,0,0,0,0,0,0.40212,0.9016,1.00001,1.00001,1.00001,1.00001,1.00001,1
6,1,3,2,2,0,0,0,0,0.30405,0.61792,0.07802,0,0,0,0,0,0,0,0,0,0.30405,0.92197,0.99999,0.99999,0.99999,0.99999,0.99999,1
6,1,3,3,1,0,0,0,0,0.40212,0.49948,0.09841,0,0,0,0,0,0,0,0,0,0.40212,0.9016,1.00001,1.00001,1.00001,1.00001,1.00001,1
6,1,3,3,2,0,0,0,0,0.30405,0.61792,0.07802,0,0,0,0,0,0,0,0,0,0.30405,0.92197,0.99999,0.99999,0.99999,0.99999,0.99999,1
6,2,1,1,1,0.00172,0,0,0,0.22372,0.05683,0.70904,0,0,0,0,0.00869,0.00172,0.00172,0.00172,0.00172,0.22544,0.28227,0.99131,0.99131,0.99131,0.99131,0.99131,1
6,2,1,1,2,0.00133,0,0,0,0.20987,0.07012,0.711,0,0,0,0,0.00768,0.00133,0.00133,0.00133,0.00133,0.2112,0.28132,0.99232,0.99232,0.99232,0.99232,0.99232,1
6,2,1,2,1,0,0,0,0,0.26948,0.13116,0.57609,0,0,0,0,0.02327,0,0,0,0,0.26948,0.40064,0.97673,0.97673,0.97673,0.97673,0.97673,1
6,2,1,2,2,0,0,0,0,0.24959,0.15976,0.57034,0,0,0,0,0.02031,0,0,0,0,0.24959,0.40935,0.97969,0.97969,0.97969,0.97969,0.97969,1
6,2,1,3,1,0.01103,0,0,0,0.31534,0.08875,0.54887,0,0,0,0,0.03599,0.01103,0.01103,0.01103,0.01103,0.32637,0.41512,0.96399,0.96399,0.96399,0.96399,0.96399,1
6,2,1,3,2,0.00856,0,0,0,0.297,0.10993,0.55256,0,0,0,0,0.03195,0.00856,0.00856,0.00856,0.00856,0.30556,0.41549,0.96805,0.96805,0.96805,0.96805,0.96805,1
6,2,2,1,1,0.01587,0,0,0,0.29881,0.08962,0.58937,0,0,0,0,0.00633,0.01587,0.01587,0.01587,0.01587,0.31468,0.4043,0.99367,0.99367,0.99367,0.99367,0.99367,1
6,2,2,1,2,0.01477,0,0,0,0.3022,0.16322,0.51291,0,0,0,0,0.0069,0.01477,0.01477,0.01477,0.01477,0.31697,0.48019,0.9931,0.9931,0.9931,0.9931,0.9931,1
6,2,2,2,1,0,0,0,0,0.40053,0.21422,0.36231,0,0,0,0,0.02293,0,0,0,0,0.40053,0.61475,0.97706,0.97706,0.97706,0.97706,0.97706,1
6,2,2,2,2,0,0,0,0,0.35673,0.34358,0.27767,0,0,0,0,0.02201,0,0,0,0,0.35673,0.70031,0.97798,0.97798,0.97798,0.97798,0.97798,1
6,2,2,3,1,0.08529,0,0,0,0.32467,0.29889,0.24903,0,0,0,0,0.04212,0.08529,0.08529,0.08529,0.08529,0.40996,0.70885,0.95788,0.95788,0.95788,0.95788,0.95788,1
6,2,2,3,2,0.06534,0,0,0,0.27032,0.44814,0.17841,0,0,0,0,0.03778,0.06534,0.06534,0.06534,0.06534,0.33566,0.7838,0.96221,0.96221,0.96221,0.96221,0.96221,1
6,2,3,1,1,0.20912,0,0,0,0.28066,0.11463,0.38487,0,0,0,0,0.01071,0.20912,0.20912,0.20912,0.20912,0.48978,0.60441,0.98928,0.98928,0.98928,0.98928,0.98928,1
6,2,3,1,2,0.17284,0,0,0,0.2663,0.17796,0.38291,0,0,0,0,0,0.17284,0.17284,0.17284,0.17284,0.43914,0.6171,1.00001,1.00001,1.00001,1.00001,1.00001,1
6,2,3,2,1,0,0,0,0,0.44389,0.27457,0.28154,0,0,0,0,0,0,0,0,0,0.44389,0.71846,1,1,1,1,1,1
6,2,3,2,2,0,0,0,0,0.37354,0.37804,0.24842,0,0,0,0,0,0,0,0,0,0.37354,0.75158,1,1,1,1,1,1
6,2,3,3,1,0.0849,0,0,0,0.48392,0.35813,0.03963,0,0,0,0,0.03342,0.0849,0.0849,0.0849,0.0849,0.56882,0.92695,0.96658,0.96658,0.96658,0.96658,0.96658,1
6,2,3,3,2,0.06238,0,0,0,0.40824,0.49432,0.03506,0,0,0,0,0,0.06238,0.06238,0.06238,0.06238,0.47062,0.96494,1,1,1,1,1,1
6,3,1,1,1,0.00039,0,0,0,0.13361,0.04201,0.80458,0,0,0,0,0.01941,0.00039,0.00039,0.00039,0.00039,0.134,0.17601,0.98059,0.98059,0.98059,0.98059,0.98059,1
6,3,1,1,2,0.0003,0,0,0,0.12516,0.05176,0.80565,0,0,0,0,0.01713,0.0003,0.0003,0.0003,0.0003,0.12546,0.17722,0.98287,0.98287,0.98287,0.98287,0.98287,1
6,3,1,2,1,0.00109,0,0,0,0.15718,0.0726,0.75397,0,0,0,0,0.01516,0.00109,0.00109,0.00109,0.00109,0.15827,0.23087,0.98484,0.98484,0.98484,0.98484,0.98484,1
6,3,1,2,2,0.00084,0,0,0,0.14639,0.08891,0.75056,0,0,0,0,0.01331,0.00084,0.00084,0.00084,0.00084,0.14723,0.23614,0.9867,0.9867,0.9867,0.9867,0.9867,1
6,3,1,3,1,0.01915,0,0,0,0.12927,0.06073,0.71084,0,0,0,0,0.08,0.01915,0.01915,0.01915,0.01915,0.14842,0.20915,0.91999,0.91999,0.91999,0.91999,0.91999,1
6,3,1,3,2,0.01488,0,0,0,0.12194,0.07534,0.71672,0,0,0,0,0.07112,0.01488,0.01488,0.01488,0.01488,0.13682,0.21216,0.92888,0.92888,0.92888,0.92888,0.92888,1
6,3,2,1,1,0.00383,0,0,0,0.19164,0.07114,0.7182,0,0,0,0,0.01518,0.00383,0.00383,0.00383,0.00383,0.19547,0.26661,0.98481,0.98481,0.98481,0.98481,0.98481,1
6,3,2,1,2,0.00368,0,0,0,0.20012,0.13378,0.64534,0,0,0,0,0.01708,0.00368,0.00368,0.00368,0.00368,0.2038,0.33758,0.98292,0.98292,0.98292,0.98292,0.98292,1
6,3,2,2,1,0.00872,0,0,0,0.27526,0.13971,0.55871,0,0,0,0,0.01761,0.00872,0.00872,0.00872,0.00872,0.28398,0.42369,0.9824,0.9824,0.9824,0.9824,0.9824,1
6,3,2,2,2,0.00775,0,0,0,0.26606,0.24317,0.46468,0,0,0,0,0.01834,0.00775,0.00775,0.00775,0.00775,0.27381,0.51698,0.98166,0.98166,0.98166,0.98166,0.98166,1
6,3,2,3,1,0.16416,0,0,0,0.14759,0.2268,0.35764,0,0,0,0,0.10381,0.16416,0.16416,0.16416,0.16416,0.31175,0.53855,0.89619,0.89619,0.89619,0.89619,0.89619,1
6,3,2,3,2,0.13407,0,0,0,0.131,0.36251,0.27315,0,0,0,0,0.09927,0.13407,0.13407,0.13407,0.13407,0.26507,0.62758,0.90073,0.90073,0.90073,0.90073,0.90073,1
6,3,3,1,1,0.06183,0,0,0,0.22056,0.1115,0.57465,0,0,0,0,0.03146,0.06183,0.06183,0.06183,0.06183,0.28239,0.39389,0.96854,0.96854,0.96854,0.96854,0.96854,1
6,3,3,1,2,0.05084,0,0,0,0.20819,0.1722,0.56878,0,0,0,0,0,0.05084,0.05084,0.05084,0.05084,0.25903,0.43123,1.00001,1.00001,1.00001,1.00001,1.00001,1
6,3,3,2,1,0,0,0,0,0.33221,0.195,0.47279,0,0,0,0,0,0,0,0,0,0.33221,0.52721,1,1,1,1,1,1
6,3,3,2,2,0,0,0,0,0.28963,0.27816,0.43221,0,0,0,0,0,0,0,0,0,0.28963,0.56779,1,1,1,1,1,1
6,3,3,3,1,0.20568,0,0,0,0.27691,0.34208,0.07165,0,0,0,0,0.10368,0.20568,0.20568,0.20568,0.20568,0.48259,0.82467,0.89632,0.89632,0.89632,0.89632,0.89632,1
6,3,3,3,2,0.16423,0,0,0,0.25384,0.51306,0.06887,0,0,0,0,0,0.16423,0.16423,0.16423,0.16423,0.41807,0.93113,1,1,1,1,1,1
